fe-1,fe-2,fe-3,fe-4,fe-5,fe-6,fe-7,fe-8,fe-9,fe-10,fe-11,fe-12,fe-13,fe-14,fe-15,fe-16,fe-17,fe-18,fe-19,fe-20,fe-21,CIHigh,CILow,MOS
-162126.59825933375,27921.841200337334,-15479.956809282034,-5045.304908306039,-73.20762136641673,240.60131910048236,-6109.35365085868,522.7156068744127,180.75007203461954,-1.92076083819129,-4.035116311425682,-19.612854483337312,-7.874316817605591,4.63162987584035,2.5877480334126592,-2.4532328252463005,4.795232119932567,-3.484279365063232,0.01998946920712938,-0.9880220135214185,-0.729689999194955,3.380332715,2.964494871,3.172413793
185503.72194779906,-66690.73377635339,-55513.50537891821,-3833.9116736574183,1253.4162644201215,-17511.583522158307,9740.315514383621,-411.29255613590664,248.724649445948,50.76560280513853,12.5778575701656,-110.28323369637957,0.2714974416137852,-66.17603085441696,-0.2643115169879465,94.24955261113865,17.27328207061621,-49.965887441974395,83.9538660689683,-58.69038149331898,0.4810431443499222,1.26447695,1.068856384,1.166666667
-126571.56289184802,-21905.74177552888,-1497.0751847916051,18507.14854662773,-7891.283239722314,23158.03715155363,2067.5690766944945,362.5843055862785,287.55221199327934,-58.06556925863769,18.715083844761857,13.325620855991785,-8.60140284233593,3.1977226774403227,-13.09692096861905,23.81151475767496,-13.073191288157028,1.6531879457065364,-6.80950582887324,-4.890192597754498,36.673262911927644,3.665622055,3.092998635,3.379310345
-140977.37820977555,-32090.96842183057,-5377.403919443678,26187.681426882984,-8561.5911529263,-3142.0630952812203,2875.586031818445,498.46870836153437,-447.09854445762124,-80.43222086298735,1.796876159089217,-9.899178666117827,-35.996199572558574,4.599570856344403,-20.025310514229297,33.65127049202148,-21.00460503178951,14.40075580239676,40.48816597919457,26.80324034341654,48.714886892996304,1.552327478,1.206293212,1.379310345
10851.304938334324,32573.86198143435,2312.8470919905053,-617.0863973911671,-58.214776795513224,-387.23977422174744,3437.510308411577,-587.5409548578466,37.54386663358797,46.80982885313052,56.85039718249422,-8.351547933013562,-0.9042240576661004,8.367664515874749,-4.412911821520679,1.3267775925169005,-1.6531957999271312,-1.5393029788643624,6.0701407937841045,4.729397057409846,4.692171662822277,4.452997027,3.975574401,4.214285714
-102559.46708534406,3239.487211697401,17240.12791168328,2545.701576044527,-900.2663419016222,2439.497711488367,882.9946881074288,-568.3023886753112,115.8165409637394,-11.456193428609488,53.2841066510184,-15.250999293432555,1.8531806892429477,-1.8224290270831944,7.047653317648199,1.4162836727501154,-5.861716837949036,-2.8745495223929387,2.1214875228180206,6.442822655309699,-2.8387477075724035,3.857237033,3.384142278,3.620689655
234048.40473543815,62878.92683894051,-13983.423873551395,-3807.011172244001,604.8325400255675,-5495.357314085535,1986.8032729219408,-506.81492620522886,-128.04540715325322,-75.83231659772096,-8.696984146334186,-8.356910579213748,-17.27999425345661,2.559429808118099,0.28849635490082026,-14.010271881687803,2.064853010360151,-5.288403746124465,2.188461055654641,-1.5017472186987237,1.3464459388475027,4.392735837,3.814160715,4.103448276
519840.3157679627,13560.844450098666,9573.809645648886,2705.991167456267,-2616.5488342048748,-10197.113459985576,-17831.151732469203,-72.02086521728215,-131.79221851245876,-27.667315809834935,-32.721287222131544,16.276635909412835,1.4223700831025798,-10.428743149041738,8.63362811042847,-2.102741763857041,-1.834147705407426,2.127078059807455,2.315407596894309,-1.6888549260022485,3.6088027245256304,4.581469014,3.989959557,4.285714286
216089.48208071655,23656.942361438727,-20048.952872207177,33869.24849749156,38890.543618748256,23529.52356083859,4136.746243538377,372.5111937519501,-26.86307507569514,-57.65785888347614,38.7709691331589,-7.745288772827737,8.53932197224007,5.786163522945004,-9.033472742053124,-9.76331721954605,32.2803081201997,-1.4166467030600742,9.458900731730845,21.81298746526187,-5.026648381941726,2.986568337,2.293431663,2.64
-13707.49704338061,-58250.55172447373,-20111.226174822707,697.5644623934422,443.3653528790681,-8291.012199421604,10305.11179628354,-537.8525022173276,-54.362018762750516,-149.38401359018314,3.4646592305271313,20.04424249163883,-40.72775998385012,34.03074723217073,-42.101040287580346,-0.4390072878722079,-15.44027972542875,-29.7886629501792,-27.238284691884978,-16.46467855079679,-17.76644092552507,1.467294188,1.153395467,1.310344828
127680.3701815902,74465.5778586485,-9678.06529616664,-3301.261535867275,1731.4262025127991,-2244.7970753191025,14615.808687432685,244.56715345890257,-155.1432928852854,-99.38114268500472,-11.832497317400474,-17.674960422112253,-18.844199462234442,10.44264796656788,1.5867677331228873,-12.663394132300265,4.803684245671272,-9.324070815130385,-1.229307942895164,-5.918807175209477,-3.8936272791375,4.257197985,3.639353739,3.948275862
650895.892755462,-9791.139173857911,21798.10038505498,6011.289906150136,-4101.712284667471,-12190.475770455092,-26349.654996956135,117.94943480566305,-134.23409771409877,-7.278243159586617,-27.485833903380044,24.157694098229292,10.2295523226044,-16.65309445739019,12.68179536867941,4.563910793840008,-4.153198996134426,4.572745397891552,3.0627876249981214,0.6490315955841517,3.728603654287079,4.804087,4.368326794,4.586206897
446900.39699384634,12433.825912070812,30047.306096160133,6979.597634437016,-1941.6121556193514,-5961.056783815974,-2148.5770374509525,640.4610525059567,-121.89868655635037,-59.84698975718214,-22.59937904537204,4.813773779103861,5.194334520018452,-3.905520672233465,12.661081108432413,3.3244924594279848,-0.7668096121304164,-2.312604898516773,-1.2733404809589022,-4.107499482146113,-2.847844276512567,4.751477668,4.284236618,4.517857143
127653.84283879561,74467.57207966616,-9674.147833917415,-3300.630437586918,1731.6418719080234,-2243.5334195603114,14619.475286374442,243.35125047669652,-110.45001814962094,-104.59666400005051,9.541839671099472,-25.235498980601456,-19.513939730072757,12.139053322410257,1.3216586250596607,-9.869137326426252,5.797627742325329,-10.668208581112799,0.050229634636758086,-2.3945008340128497,-3.6098091020871665,4.095679394,3.504320606,3.8
389387.71817667864,36882.76969918131,-2743.7034035295587,-617.6026820572519,-1137.4002894430416,-8230.06466103923,-9411.70360352724,-260.1661174985536,-129.57780061541362,-50.387878272414554,11.28343221037521,-1.7831590855251855,-8.229960988154284,-2.8307865997523822,4.612609007283575,-4.315444433767809,-0.6213586472750978,-2.8228711645837943,4.633077308147744,3.077059741494653,2.431534098149185,4.766305092,4.305123479,4.535714286
444428.55588343344,12702.360080299766,30147.79783465495,6991.559326821973,-1915.4145911832109,-5885.682971939607,-1854.810319198454,635.5127644057675,-157.40288053364762,-57.121688007531326,-19.386771923669322,1.642401167847356,4.30357211503337,0.16659554483100306,12.300209621909724,3.2418684761557786,-0.6979925190141465,-2.063516248726923,-1.0500339751278887,-6.651453106913514,-3.0059433637391453,4.119839898,3.472752695,3.796296296
50030.008054631406,10113.997947690512,35856.49758971004,7070.235058568275,-668.2179192101702,2441.9449831020675,12881.30933145447,274.72895610646185,-139.77415770766473,50.99456025861147,18.223683695066647,0.6449472924090802,13.21248441778816,7.152107219204585,4.622596526418198,3.3436549904293176,-4.010888905419396,-0.9177602493080131,-0.5021276686170012,-4.386049271016483,-3.7249549363008865,3.599130983,2.900869017,3.25
330019.08740889945,2390.3210830345897,-3730.50143041316,6352.709710336031,-55747.337954611845,15132.127615675043,7696.058785710124,419.25415077321964,204.73227153458566,-8.418966584859586,-23.13841766929863,28.976057765109168,-0.4600989715411351,-4.137727232848364,-21.560822980561742,5.018564956679335,-7.132313880118136,-5.0229916075897805,-10.359532065446828,-1.7304451891174715,-12.43496580233123,4.717505416,4.282494584,4.5
-141838.9461810081,2659.5492558891065,-9373.37205556903,13444.599378968469,16246.947087981207,13151.170178825709,-4536.232884230091,472.7332716044387,126.40015484432905,-4.393714898741338,3.3234004069816643,1.2252766634292955,-8.15747834379568,1.0521267474367189,1.5833805192537993,19.528925087201124,-8.027353849884534,-12.25576372463359,-7.564427128056212,8.584049482135676,12.232692837129875,2.637035504,2.190550702,2.413793103
-109808.71505541122,-44567.06006826429,10893.211824471791,29969.39000357043,-8989.838358062547,-2091.022071573313,6185.938134343985,-542.1687725994287,-536.9082293675734,-76.92982677569734,19.20358089131743,-12.874358156443778,-48.38353312043138,-0.20162843667519062,1.2189789776332938,13.173751777476584,-0.4631987716876133,35.68109734358081,-32.88253303887244,14.880448694155357,24.701375804080516,1.642556938,1.324109728,1.483333333
-182427.47432516195,-17999.632582844544,12689.932056567683,6868.314591549688,-1810.6077569309314,-13996.505640981615,-6308.23927219934,-379.3909253366448,194.8099377240503,28.110785895116344,4.266224785264443,14.390402279377563,-0.26092527157615214,8.965992980841884,-22.3276304701803,21.56012365148603,5.574956700051978,19.973461096804172,-5.8009117140058315,14.663130921650312,-8.09719518218114,3.014959093,2.449326621,2.732142857
-92459.22606301119,34947.048352890466,-17766.175586440364,7561.17185907114,-139.3799452056869,-40030.934321256806,7124.025155729277,517.2724884839216,198.06665200598025,64.50504945056618,-6.026780329031436,13.440171534273054,-16.68751188326446,10.043765836143237,-17.179701860896003,-0.6391417970181644,1.8585337567548137,-2.469149584234682,1.961790693397433,-1.656361641513913,7.902675978033519,2.728516741,2.054091954,2.391304348
39461.28155597649,2386.85080071587,12023.367783601203,14807.112479392901,-1732.4989812933854,-40039.979424644625,5534.497320892242,-408.5692773802152,286.26502533190643,62.294839122861646,-18.792488489318377,27.428693493192206,-1.7111497546883747,-2.4330052013228824,-16.476604545199955,10.584551223105205,-3.9967138206275337,5.297878618871853,0.5152318523177225,1.471629780742445,11.02768505205119,3.09915415,2.442512516,2.770833333
99947.85623601117,-13076.83643339899,-63898.76644908674,50461.55092866732,-16799.147829659563,-15900.855407634972,11692.128188458608,-489.36019239625796,-189.80979370736722,-24.10979864695146,-1.8099209447014237,-50.73638548200581,173.8778356395231,-30.085176587249954,21.493693409868037,-40.10918761565224,20.0664416700521,-31.899642906027328,-8.081828243229099,13.202192709582317,-19.01127019067899,1.284138137,1.015861863,1.15
-168440.55533593704,-30823.264128237355,30836.41821706151,-9753.126734752152,3655.4836198291164,4003.154267648922,89.68643996012865,443.7416193534586,82.65426108444488,-29.735719810863113,-16.53527381646894,22.30814662030334,11.910193371711223,-14.207707100483974,-0.9182229220033516,-15.649557255980499,13.625738746811795,-6.458958726610836,12.380051954809302,-5.0385543620762405,-27.491451835318763,3.231543121,2.732742593,2.982142857
-210408.38766419826,10589.18656205746,-18558.33224446557,-5624.459426951324,-794.6837346563686,-467.656801754997,-16380.69420665338,696.2443749337284,-31.585326451303484,34.355697275758054,-7.171494168331202,-6.251107083013185,-1.8470552200378494,-6.6722386058984196,11.544954273542704,-5.674646202444751,-3.156197640597958,1.612746796032748,0.5242787309114806,-0.4926916184713486,-5.711287457151528,3.051922047,2.603250367,2.827586207
-210255.53414176774,10573.705386213886,-18563.332851369873,-5625.3187619317,-796.431810675966,-471.73915803002876,-16400.22524333816,693.1914384118987,104.46751716504467,22.790510869133968,-25.914531940443634,-13.12901370271832,-5.607540179122344,-2.992181936185825,10.232814043641035,-4.833626847674313,-0.3756677506982898,0.316736639582677,-0.8764629095365687,2.7345774139320493,-6.325625440926016,2.624756782,2.153020996,2.388888889
114604.64662449254,-58966.83185320684,-52643.44926337233,-3496.832039975267,2004.5538497801522,-15343.315015131873,18164.491412938904,424.23679734434535,269.18089815016646,24.508511647569797,10.130986180029668,36.619451061137795,-15.810474563689437,-34.211796797375406,14.795803493964092,-35.908899145494736,-70.01539222577782,28.921959107533947,16.386262027849963,22.1258742297642,-35.154916313030455,1.294254321,1.050573265,1.172413793
292511.23376993736,-96535.42824215555,-24718.94182964524,3529.7606907589848,-74.62619586263327,-16752.657640066,11140.146262756818,608.212121275194,170.67625318715588,60.78776609548263,1.6378458608713755,-30.795581525491006,-17.77787363905748,3.2179298884724297,-12.360464931833777,-15.383946647875929,1.220495722110583,-29.26285155874518,-16.51915449945082,-11.061783598934205,-7.348133937467043,1.471686809,0.994979857,1.233333333
344064.3178804673,-22136.996948820593,-46198.86596276608,36004.348652115565,-17609.995609033453,39153.5628351793,-8098.219924000256,-394.54886482740676,434.39764397234137,80.65005294259718,42.20017105174335,51.135452701783564,-7.420635353698402,-10.302441336776626,-37.27141507143965,7.8848049975518295,-8.228665472648581,17.867408747792343,17.83628735448825,22.587468526506374,-30.003457126742322,3.075559963,2.385978499,2.730769231
356237.2765391948,8646.43584246183,-22395.1553660632,2283.474900412814,-55927.04339150628,12311.98919369609,-2476.966342429307,-397.7494867603596,6.625599375377895,27.83709919493672,1.7133482082827962,7.817766803280375,5.9737138140739585,16.23377054629567,-8.630082788221593,7.732638856051268,4.010717721334825,-8.519049584983964,16.88798481350662,19.549331784513488,-15.578883926670567,2.486585659,1.977700056,2.232142857
-88041.5772627002,-7414.188617750923,34175.46558775513,6403.600322374289,-1151.1998484857838,4006.630758979581,6196.011654332364,347.72285414512646,152.87340006409744,-21.798757983511564,28.433279804617744,-15.627389382550225,8.303504518426204,-1.3247319250631842,12.330250621953635,7.385012363098304,-3.4874745679325545,-4.011552702290373,-1.6533005663743245,1.5633632312284822,-5.989898357355145,3.94604759,3.313211669,3.62962963
-102390.91582858285,3222.1749644419056,17231.88654548551,2544.5165666643347,-902.0519087972282,2434.293194897355,862.122095238228,-568.4231990693227,138.6015664999635,-11.345060907815373,13.34722198474922,-7.657745941228318,2.2911075927806053,-4.514147936583686,7.752911286964866,-2.4041924474212837,-4.69056628419084,-1.0716358265272576,0.052229980125690606,1.756690518043635,-0.9712202812097617,3.909399125,3.469911219,3.689655172
-111800.11377080971,4246.227563052584,17617.129714996896,2589.8765208455397,-801.9620125546548,2726.2872687401946,1995.7596943553206,408.0176108533173,161.89575627197829,-15.662825153634568,31.377437804219753,-20.445702170833307,2.4300801738796443,2.2680465272261943,9.516185889401061,5.444574416239662,-0.6112599543501491,-4.398728606013418,-0.03309198828695761,2.559927033094694,-4.1205861449594785,3.91045444,3.503338664,3.706896552
-199394.11838568602,-8425.603062347825,-8112.180355939643,7412.28575195928,9386.859531617392,8400.138837909031,-12551.896704025998,636.2256468190782,-835.5649202116771,94.29618785336102,35.37932748677748,-7.770578387798973,-38.82334449663951,27.549411705483937,23.114093251210697,-3.3969406622799267,-103.02704481768527,-85.84200840566137,-28.25423530486695,16.842277595107866,-16.916266013053807,1.621677784,1.278322216,1.45
-125529.47621402463,14861.666654885019,558.1294203754268,-1292.367846297548,-558.854673602121,1124.6558805523525,-3447.633221231453,-505.8328961678338,135.4957494522856,-2.0092732463154066,3.784963389101694,-19.00810739401434,-7.1909873255306564,0.26654056720449804,3.776416418910415,-7.092042926913474,0.9915411298065253,-1.3638966134720871,0.5810138773984461,1.0616885613772675,1.0972275423498614,3.772468808,3.193048433,3.482758621
-5312.97724512824,-36831.282962113335,-65310.31231060727,-6853.463406549962,3371.6306180582856,-13688.685519196411,25364.60577804319,257.5472807493744,351.0104655503683,-17.594108947269753,19.142944122943064,46.73439266486333,65.97182157524267,62.92335669832948,111.09226378664121,-21.620219232878785,-15.100757668806722,23.84658782957299,39.31777807158442,29.58237383417924,40.57578773317645,1.442300703,1.057699297,1.25
-209904.49442154265,10536.71768997803,-18576.19726396462,-5627.1197605263615,-800.2962380497491,-481.8218730201055,-16443.371874304874,690.3004933981106,252.69908015485652,9.160485219163037,-29.13532689936953,-16.852588027853102,-7.455327222768951,-3.8356664651774337,9.039537889078531,-0.22217635935936164,8.121745692752054,-2.003320406706871,-0.8585300490312182,-3.738198397207939,-1.2866028411809227,3.16710629,2.73289371,2.95
-155979.93954931005,27251.67786509967,-15730.9109874052,-5074.575049129083,-138.75146089478923,48.35510017372067,-6854.922636003868,-460.7731197345596,133.4715815680094,3.4777623337566617,-14.278669413930293,-7.9032331155236095,-8.590029785490547,-2.1265991474023584,0.892415207702426,-10.172246697762956,0.14691774269381555,-0.4351487669245118,0.3937242153893633,-0.9405738342841947,1.7853407681398485,3.462234023,3.020524597,3.24137931
-191340.03181441044,-559.1394542235882,-1805.0459619369594,-1788.1432387867515,-1094.5804266481653,957.365105122667,-11626.385005417225,617.5807102739619,255.20831347198316,-1.1243249756580311,-12.74580151288935,-15.793789240878775,-1.1357303719150833,-3.3598807358181397,9.17041462637207,1.5707691940187158,2.1400344857707343,-1.3031636409899643,-1.144624020104462,-1.0177594624313684,-1.9512202416681819,3.46412956,2.93587044,3.2
-8572.136847605547,16777.3034154386,-3720.2476929088725,11071.459571657042,-1125.2699902375389,-40598.87201190656,4146.316027630327,-402.2112499261432,224.27676463503047,71.25589094731873,-35.797934257303055,22.769802289847895,-17.923989145999343,7.452555548768906,-12.18855499059347,4.5562049685892525,2.071457312772877,3.702320081889493,-0.18014231002608846,-2.8533887280671895,10.462606045922303,2.147725643,1.552274357,1.85
-111409.41792087021,-7566.273027124873,13194.476860766204,10196.169546694815,-1645.6606475438134,-24020.30615679042,853.0334106833068,-435.30207462478734,165.14931186330347,65.63445664180269,-20.500772878394415,33.43104382557823,-0.7390700869276929,6.485801015723625,-20.6357304055491,10.591642703742433,2.6776339502835262,14.432921421241439,-6.5607668880782635,2.9160751846874597,-0.58152885924202,3.388944946,2.921399882,3.155172414
-26576.70746470085,36651.45092160584,3828.945062518335,-439.1611558309742,338.517539643484,759.5435675295734,7892.070411736407,323.57975123109173,59.15125425903132,37.161119078108385,42.45581925514619,-15.022663388902743,-1.0152230752120772,14.308533748917087,-3.147734369011997,5.038030740913561,3.033963065309471,-3.8247648354680126,3.022938759983019,0.5973231583397038,1.6407075761506051,4.225768921,3.636300045,3.931034483
-88873.05276727822,30960.805138691303,-27498.59865367548,18527.619896110828,26734.772618702078,18422.181059832186,3548.7848216235557,318.55676531712595,182.13860312070656,54.36017950993227,-7.344465339905692,22.210764803033626,-6.745630883387038,12.540413666338988,-16.826413350914027,7.878172892970726,0.05568523737225447,-2.9089175446792153,-1.0934492221546688,-0.6522258722201015,5.609839887032109,2.535804889,2.019750667,2.277777778
35595.502498677466,-11943.183511005323,32611.768948476278,-31661.35445191456,12278.410294391608,2204.9338803408664,15436.47801836633,239.40182623513556,44.67217046991432,30.131502241044004,-9.432685842284645,18.21114953332683,18.318934591526904,7.194330635185445,-2.8580569953401347,19.708945236413417,2.0814741403150805,-6.498815364372523,-1.6628168010991087,0.6985937798918178,-8.165263535215583,2.405101776,1.828231558,2.116666667
317597.8308897547,3485.164519697746,-6551.012843514171,37332.04498525983,37717.59782069854,22447.373143636338,-849.428303395754,489.0631203930464,129.0871831286304,-57.508657139443265,12.632660845993817,4.910587894186189,-5.246991730144707,0.7350690972892433,-3.613263425054879,8.053004076806749,11.98654464522466,12.943141147318682,13.250400283428785,3.02070624284946,-13.276842505431654,2.746840825,2.218676416,2.482758621
417683.2830620288,-16487.851371332377,6916.163849700292,40782.24172460791,36560.34741933009,21398.048467172466,-5700.180107221403,606.5724114644973,136.21461301772598,-43.04375284078041,13.201917098430076,3.3764154442745298,-3.73495602259541,-5.707655845249311,4.979619094527523,6.428611269103174,11.408644666114713,15.661048523613866,12.126558798909684,5.065415454476138,-13.125298368504376,3.0643401,2.528252492,2.796296296
-127985.57156894452,15127.138577142576,656.6106217215176,-1280.3294223987077,-532.6657443545249,1198.8855344215167,-3154.100321116866,-506.7110239315733,-57.70408613511263,15.72165014849945,12.30649777591685,-12.354717011834625,-9.331084736911402,-2.5484439081394106,8.303256731656806,-12.959351499673398,-14.055697739439966,-0.20293565892276608,-1.516558856442861,2.7337644483150285,-6.505339158978306,3.653463529,3.070674402,3.362068966
-156881.11424114942,27348.843342941116,-15694.266962925381,-5070.044630971281,-129.1439853597924,75.6596416209733,-6747.042246044471,-461.20325726760126,64.94516932067289,9.416523349757743,-14.450566930441175,-7.505541637170372,-5.752180688759208,-3.038392138227437,1.0069667119234331,-12.625854146610289,1.3805470228390195,-3.8212393416827077,0.5993891701736069,1.1939236972485718,4.697519842119338,3.432505962,2.867494038,3.15
-224695.9003351933,-12602.154994222681,-33152.34357549739,9109.307895661863,-5791.288493951765,-4210.665215127742,-16215.878400344667,-238.8516141083835,-467.46689265042966,-125.22359642226827,9.30336048533395,25.586121739375194,62.295550687786594,131.18148884882822,2.0958845300920266,83.86518738747718,-21.625825421724045,26.296760787995265,-24.747738760707932,-65.84489021372637,-23.378848584831175,1.659640274,1.271394209,1.465517241
-155985.79360999193,27251.663447120634,-15728.837560404772,-5074.202109515568,-138.71971717689445,48.819936614961556,-6853.808260112928,-461.3674304203528,156.27617830154617,1.6974391359716021,-19.257780386628806,-8.573076546500799,-8.890034990049534,-1.845490742028722,0.7011052956685894,-10.293317460181898,1.0176649055387563,-0.3312347711966844,0.10173524437371298,-1.3818762119576211,2.176788703535499,3.653463529,3.070674402,3.362068966
-102740.13104542746,3260.8968369155446,17240.388383105124,2545.415784541557,-898.155150364004,2443.7711388592197,903.6443111182209,-564.9472035595198,-32.15753836970275,5.411819291457943,-3.9200900838854458,4.206651600357313,3.738215993470796,-6.2855095211302485,10.894707746004551,-7.559053025626619,-9.18993525321757,2.4896004623276298,-0.9871608382858755,-2.004771393075475,-2.9324542151599,3.720526178,3.246140488,3.483333333
-112286.88048184241,10143.051270091557,-28099.82568646003,-40923.78622585472,-22708.15162386433,13738.455208474876,13930.237848379686,223.13532450423907,-703.6857017221862,142.7900218599704,67.54557592807386,69.34944826415177,-33.05879130843413,-48.62354367487658,93.82880626633509,41.75302699658053,77.38609447894738,8.747820892944889,-44.98703863601808,-7.1955851087085705,-20.488369956186144,1.786571514,1.313428486,1.55
-191644.61798483293,-527.3264533826039,-1790.402047303982,-1786.1402923820258,-1091.3588782482836,966.8832707170295,-11589.169833366572,617.1341954720767,243.11419269430013,-0.07323449810410854,-6.401951363017198,-19.061997786170455,-1.640931780044126,-1.3175672453016847,8.990296675932255,1.665053891186123,1.7979685840879613,-4.738141777363639,-0.1316323916423561,1.8250330137982569,-2.949606350093593,3.094947531,2.491259366,2.793103448
-170157.8720019976,15009.352833637362,-24267.122355163003,-3818.473246655882,-23867.429968743276,8942.576401372446,-3805.393922530166,479.75997759256575,147.18345798972138,-16.795026552671676,-1.7739009794129548,-0.8064355275831239,-12.859875026630299,1.6589039098947849,-9.037073523530927,-1.404922195475444,1.1440854139852843,12.920733079831557,1.8761653773151985,-11.747043023659467,23.205617655688716,2.790403103,2.276263564,2.533333333
-169722.03455831634,13433.490739747731,-17659.610353133292,-30159.94897278605,8302.286396112719,32.459196882791616,-4641.7169248407945,504.70555039468815,264.1888299261817,-36.938042472549704,-7.428357412511487,15.064522444993736,-1.9657197050845596,-0.6039283976491419,-11.874598351668048,-15.247482877477276,19.371922830821514,-11.372567597699613,9.065495391425895,-5.11012771891289,-11.802956348212607,3.12457995,2.57542005,2.85
7075.798715895018,32986.12210868921,2460.1415687300755,-599.9524138599401,-18.062285349962984,-273.0539800755017,3884.9330358177726,-592.9240671301026,-101.23571936912562,64.14808587322636,9.225712770219717,-7.6042973599451065,-5.24676786284159,5.3278076412497954,2.003587206770229,-14.39532538789053,-11.92905717161334,8.108614005191685,13.699220003122795,-7.923603449500567,12.029033802022452,4.23399043,3.535240339,3.884615385
-125345.1197158572,14842.065660352922,550.0972767849881,-1293.4060038198681,-560.8143237261806,1119.0146444198983,-3469.914771117552,-505.6260928227342,147.9919563206533,-3.592748215518559,-8.184548998956998,-6.6678840930953855,-3.8273244368882535,-3.3633931068117984,4.182653300111587,-6.369863762060472,-1.403007158868155,-0.439805723719146,-0.0046087820117909056,-0.9871752253565536,0.9144747668693649,3.954853907,3.366574665,3.660714286
507285.50717909046,14926.957384404313,10085.791488242667,2765.429024339623,-2483.251782052383,-9808.876096505819,-16337.718551410531,-97.62140785013933,-293.09717911599967,-17.410505203492097,-0.06678815037213365,-0.2538264771064851,-0.835254478570169,-7.983027417940818,11.418625186005432,0.9816447039803143,-2.3721770042356862,-0.3979012806935763,7.6936324949395205,0.3271814700972916,1.5558004815025945,3.044920759,2.339694626,2.692307692
-178537.71721144038,-11070.300380615268,15281.928159228908,2096.7924674015144,-1328.3044122459712,2581.847779639388,-6092.918508220873,531.1698491738814,245.0479899172984,-9.499050742334912,-25.10961889223807,-10.451269796104933,4.4413650085993055,-5.468660883669431,12.537193032327067,2.0880503817111142,-0.8830051076322292,-1.0913343951203507,-3.4659414439414373,-3.2229112414981507,-3.586148285361992,3.394160216,2.89155407,3.142857143
-156359.61151131228,27291.71332072676,-15718.158086639165,-5072.757504564675,-134.52922290989943,58.97966704036338,-6808.125064965015,-456.5535438204542,-70.86037918688683,20.999652127483504,3.4467049028466277,2.3617050542724654,-6.660884666064115,-4.926129663818503,2.5279283896540004,-11.648669171886654,-6.7742786137812345,0.18937210409580965,1.9109604020519702,-0.7677252125284659,-1.2696740783076004,3.636244181,3.018928233,3.327586207
389190.7228423983,-48615.378784341985,2411.5975295225476,-16896.89791312335,55914.66786103375,21263.71193275545,-1180.8719319166332,540.5816910920357,381.11892068081573,52.30876705102413,26.999615987472875,30.268814899344115,29.85696693444586,2.788542654351566,-2.1386418960453186,2.7312908774641085,12.193657654068192,9.488038440060544,-12.72271628654674,-22.053809817106316,10.619847657777736,3.95457961,3.30467965,3.62962963
-163367.9424092969,-21797.332188098568,32191.989931115673,5952.286664872521,-1586.649146947171,4124.7776600661355,-872.6567483242143,450.76757160999625,236.08846230609106,-18.799236483389997,-8.17055275632957,-11.035399638945721,9.664499857820767,-7.603536138802681,15.341410936660141,5.1538903741265925,-3.5258033065349568,-1.6802742090461118,-4.176605777102148,-1.6215931749345291,-5.947923098161418,3.369995498,2.880004502,3.125
-120360.21443036046,-10134.504422074204,15464.959965841706,-22522.00335632603,7584.076690910423,2545.4479626831853,3576.810506088685,394.2799169813321,-16.634058775204043,-22.819317005017115,-12.076920535975852,19.4523647337561,8.178205997838019,-5.849690202696335,-6.16960883498698,-18.200989237641483,9.840050235995992,-7.877683557735159,5.51602042808409,-9.129777908088561,-18.45174737502875,3.531309226,3.020414912,3.275862069
477412.6598567943,-17033.31492832581,5594.913974668061,-54905.21795046502,16895.965544374198,-9911.098489353859,-11542.630826374856,-170.93054861085204,45.54395820588198,-48.27641643010532,-2.8755767158769956,29.27427130945527,6.049134244226805,-1.203636313372804,8.696875944122892,4.512064627852273,-2.896921269383002,-12.599775595753028,-11.982792607425068,3.991922998278752,20.795239923310334,2.686788331,2.05395241,2.37037037
51809.71371273872,9921.899265425911,35785.16322192235,7061.455555444086,-687.2164349694107,2388.2254225581605,12668.329366012747,274.9564062879659,20.81482811144253,35.92463609894599,14.692371857474491,-1.2317874531598636,13.320668194091018,6.321199326129772,3.1857437753358115,7.218843582095977,-1.819101342003116,-1.1274668538694368,-1.3977069158769337,-3.8490423058357064,-0.7257650334766359,4.672867535,4.18920143,4.431034483
103837.30728488122,4252.593833247859,33681.605743391156,6814.79396091949,-1238.5424890812649,796.3321981619052,6483.766524191377,-602.6593314206964,22.010230175926115,47.459111668260554,23.316688529183843,7.688635113278136,12.922931926640004,0.7263651080175784,2.7075587761433266,3.9449186604234496,-5.406185978857001,1.960347697057213,1.7900485657250043,-0.19309887688915722,2.5812392050968254,4.592530589,4.157469411,4.375
-133024.93531949105,15677.97926695605,864.3225552550856,-1256.4352792444654,-479.00732343468326,1358.0337240597562,-2541.424938345246,475.4130439490205,148.6184789823611,-5.705789095689052,17.90547348425778,-19.875446409879494,-3.6474308206101176,4.335195795367024,6.318644216554698,2.1158597260702927,0.37883221571631837,-5.92915291122633,0.45157865386209256,2.345082684497079,-3.0326329902601086,3.454788469,2.978544864,3.216666667
305227.31577851705,-30128.480711949447,-8409.690202033009,-51344.898111677336,-36427.10278389856,14881.995171313083,11829.070419245667,360.1087530999924,493.47324688184983,25.665658197177024,-20.605968272769697,76.21881671262427,16.78071353145748,3.820741677890195,-29.727041540471358,11.494816928801818,-11.760619772652968,-13.518179240137083,-33.46996687900938,-10.448159467881283,5.379359685879397,3.764962853,3.028140595,3.396551724
-177088.98264742017,-11232.900392403237,15229.401396701667,2091.68888817391,-1344.180145391716,2533.949006171062,-6278.294552055452,-463.68408587858397,209.25129848914077,-7.879651784722934,-8.589136118510234,-6.817128479866288,3.753507654457564,-9.861613597350416,11.495883518590947,-3.044136210290978,-5.138999498270533,1.2109766879795487,-1.622720199993398,0.5062863194350118,-0.9525705974068932,3.324814232,2.847599561,3.086206897
-177783.06979999677,-11158.49126056281,15258.612051585375,2095.377775984655,-1336.792999008145,2555.1103224806293,-6194.898005426774,-464.2606796550776,163.39474931485623,-2.9243436147570536,-9.998929089405587,-11.028159023575132,3.4192169852866674,-5.095445939833009,10.767324499757844,-4.829675693884617,-3.14926147687075,-2.2724078506425887,-1.8045227020938164,0.8940788695285627,-2.351614273857679,2.653067263,2.154625045,2.403846154
-184052.13990181382,-19156.95157361668,9777.27275228504,2871.865430038057,-16308.653475034922,8076.325763279652,-4610.203023849345,505.3823183945729,143.59977278619536,10.097378750896842,-8.24800294101915,-14.303308522250768,-0.9701810751209701,6.599779354100164,-4.583222232828527,6.370960327609823,3.7233550018892587,20.560114599316606,2.9539256387337436,-15.013101430374618,38.54954205657697,3.28166657,2.785000097,3.033333333
-154773.63207690237,-11063.61052081877,-9864.41582299306,-25113.803782766707,-15831.143868568002,10034.546625324092,1975.7628768217642,422.8756140022839,-731.2311603858963,28.11083564174638,52.56112379745481,-31.833444763820196,35.308691643874376,-51.513082205506535,-28.137520250285455,-37.96009330434034,-35.2291526771502,43.69579853239495,23.30525506953544,-34.94687309861631,-10.638513596815574,2.303374142,1.770699932,2.037037037
246964.0374885818,52400.00887065738,3015.7410641498623,58.34523461648447,370.8824600002878,-3879.5232772081176,7489.697329854259,405.99540003801053,-112.79501346878305,-85.64313361171446,-19.134351408709275,-10.821908201483366,-11.277354146688333,6.254652223265533,4.959967776704167,-6.341402312019345,3.9347661772591875,-6.637152591278187,-1.0899427061708393,-5.307605513260372,-2.301950618758024,4.518530885,4.014802449,4.266666667
-63313.49573131712,31773.935259829042,-18946.93114727291,7422.139190755387,-448.59675586759823,-40924.31740470898,3649.0002644166048,-417.60624264127995,358.1930378184213,56.77990034299438,-32.989439849804384,27.041708464405147,-17.313928249414253,2.6404767601083248,-20.179235621133284,-4.990714439140358,0.2988335350520868,3.044661634900129,1.34733247799151,-3.537392023426489,17.030715156670116,2.970983131,2.251239091,2.611111111
-178650.87197956772,-11062.867833753997,15292.766710479978,2099.096699344695,-1327.040045268571,2585.5816109624525,-6075.260097747317,533.9472399839799,119.90762395149359,-1.0266131455067682,29.551542192322138,-14.103338372674118,5.873358858583084,-5.903912153988246,14.218897762372459,4.626974084666748,-6.140794659544869,-2.7080725508973837,0.2933216513921076,2.0789141671726883,-6.212099380861035,3.348464581,2.85843197,3.103448276
-111511.39139821602,4217.331928558755,17600.554249793127,2587.4097101644147,-804.9756272799808,2716.9501721213287,1959.5593662451163,408.7576507610373,162.29966480037902,-13.016135519485466,-18.678826713331937,-9.324976530687778,3.0063076629711922,-0.018235947947705864,9.249236977532567,0.9251107487624791,0.26826341138341897,-1.833847761948655,-3.198392408223877,-4.595491257614857,-3.314960169939513,3.884859971,3.329425744,3.607142857
593669.3936262793,-38771.4842323,18411.513963217214,-51530.724333778104,15567.617637467769,-11453.930146871964,-18307.42834463822,-13.285176302032644,-67.04207557749749,-15.922491054361888,9.820094807907843,-34.65133320514372,-0.21289112419510997,12.955532791302517,13.766890773356478,-4.368875091240536,8.423273758525854,6.210568617335391,-17.07117654490166,-3.5538383627601835,40.061705070028054,2.156586714,1.73996501,1.948275862
-54213.74295760129,-53834.446076068794,-18474.847840286555,889.0566471085434,872.7520085997286,-7050.514577257619,15123.363319398235,365.110600001051,40.320689481052945,-170.48956019545196,0.3890221773008224,53.10132596991925,-26.57892497673901,-15.047338357415645,-22.233783627214095,-16.46923830807864,-12.165313247562795,-20.022236029138757,-9.334908579547237,-1.1602509900837064,-0.0613010836108681,1.387269538,1.079397128,1.233333333
209985.06856173146,33395.45212893733,-37321.94436706813,29971.373670675235,39052.227449629456,21706.65302698175,-2175.608049607712,-529.4924801280238,143.10553808260414,-62.90453168245254,27.841986161094837,-11.012869003032133,-34.26123757220706,-12.237594421124507,-13.447865620012728,-25.13313002223752,18.181026110737758,54.44289338055499,-24.354049478242267,1.0491487575865406,-18.95487802372128,3.210241176,2.419388454,2.814814815
232965.87574050637,62995.37501995426,-13937.367352880132,-3801.2928399209163,616.2979909428042,-5462.143193898282,2116.375569294044,-508.78713081497125,-150.85921173562264,-74.66621720153026,2.8944369052030208,-10.625348314846153,-16.5507716185635,3.0002178903310033,-0.5251480404795694,-13.677414074212393,3.0437312268457917,-6.803447279223378,3.8395611325718373,0.9024518981508473,0.6083445109469567,4.400800178,3.806096374,4.103448276
-190899.24390901675,-610.2798563105058,-1825.222990436522,-1789.74351549757,-1099.5449269984917,938.6065054823945,-11692.763481913977,-374.4202959387549,13.665976930810238,20.577049558301137,3.5485002886066503,-5.221298931071723,-2.250807897629414,-8.796475375800652,10.5886665554553,-9.526729680513375,-10.432983982850995,4.432458139021975,6.258056170190559,4.426202415176696,-1.1904628975935674,3.257015236,2.742984764,3.0
104026.95410753023,45195.95266947894,-29712.556585773116,-445.472360547888,-53158.88612357929,18008.00613654047,20423.068888394868,126.2633027433079,120.00166041999486,-29.72473419071522,-32.39962790556363,-3.2081365972937705,-15.500475309904258,9.420981924598957,-31.69337963140985,-11.69549576326624,4.269072294322997,-14.071106482747066,-6.2607861742719075,1.4279530149625004,-14.84116915491153,3.576319397,2.84034727,3.208333333
-208889.81068729365,10423.58269003476,-18617.653682087777,-5631.350897984871,-811.4602819871806,-517.5143993555608,-16578.644108299664,-303.233122872406,126.75817805670239,17.649713914381536,2.2127738736506255,-8.28590876521225,-5.659339819309498,-7.532160347334453,5.82089804436354,-8.289000424734612,-3.074261304226944,-0.020160300187479125,2.8823611619262333,2.2456399436120305,0.11470347055928291,3.24043084,2.828534677,3.034482759
-161907.1768225564,-21920.515098350726,32060.321462254273,5929.498555177316,-1602.2108530741361,4067.5121882091557,-1090.9575456870384,-543.5168021585177,200.02599864924784,-16.436118130728733,0.6175634234059357,-6.239379474649444,8.187626458417608,-11.821647124950243,14.095436758523617,-1.1192978653228247,-7.51626815419964,0.34570147375646126,-2.2594655025541037,1.1127424736223126,-3.566463160922765,3.460340236,2.987935627,3.224137931
11216.352421594485,23418.28607615334,19904.383547335903,3326.889959274274,-159.75319865718055,1621.3306183993689,10462.34361671146,295.4767198465757,51.220272355333044,36.96047647917294,-7.379817007689305,-0.8976397225995858,5.912138542189666,9.829333555292147,0.09614645934294061,3.0574869086465655,1.5617284716946407,-0.45343182098807494,-1.0159355292049113,-6.597491332295688,1.1269428914364459,4.364099225,3.778757918,4.071428571
-192550.92346794248,-23579.674079202654,-40949.44837221027,-6588.300698339236,487.98546442783055,-6038.490379119934,-4384.146681623343,-394.05102022231574,-262.87891684716215,-277.6810013926899,1.2181817948069316,53.70525873847092,59.05895305766022,43.15880074025302,21.54826074777479,12.934627370301888,-6.400591366269822,5.212158914835224,15.047924256267075,-3.3851661629648246,-11.632076191149505,1.770033908,1.363299425,1.566666667
-26717.79814592113,36667.71102989087,3831.7859878524164,-438.99882701376964,340.07491335967876,763.3845797258348,7908.284908053039,324.3964695026035,13.540115094159637,42.25975710595696,28.036769444171142,-9.880701485919301,-1.5299630128638293,13.197332685952247,-0.19113373811441006,3.431178579459673,3.495060464479793,-2.224583421780041,1.3421833470340028,-0.408026068263736,1.2551526170791403,4.373132173,3.780713981,4.076923077
10855.216251975808,32573.670933483398,2311.6733309189253,-617.2641883125846,-58.22127817427551,-387.5326440788392,3436.9545351888896,-586.9416354045476,14.764742345418703,50.143136446194646,33.38702430920267,-2.000446416310073,-0.5503623634391402,7.051865759499647,-4.3651194621374465,-1.22240720928646,-1.788794089980331,-0.2172350217112958,4.653331259515587,1.136625705502473,4.770983944423696,4.371789143,3.869590168,4.120689655
97204.74851089453,4979.3476501165815,33942.184207793696,6844.768339546275,-1163.1774161852195,995.1747963934747,7270.813269589352,-612.1652701780257,-232.9593785466476,76.46632914262712,-15.306174981714545,-14.88481877681487,-1.8249119047485372,16.458221756994842,6.650814570550709,-4.9459446561976765,-14.248059775812496,-13.045579731404795,3.6761649066143374,-2.2738886473869506,-4.2974774532879945,3.002162168,2.354980689,2.678571429
-77373.0694526421,51259.12032247859,-11640.217338242559,-4125.327942557423,974.0574356794283,303.7065781381574,6896.116761209536,321.6948942713546,32.271032736923125,41.919852279205756,13.835733353131934,-13.627663988196364,-7.200706839129819,19.15877604858837,-4.9562672014834055,-0.8138987058337498,5.982680442953906,-1.2537260900856064,0.10064795523279954,-4.619365038472892,-0.6222540532837011,2.728559181,2.057155105,2.392857143
634664.4833016017,-8022.255790935802,22450.535901180614,6087.790261845598,-3929.7544717277265,-11695.9642441093,-24425.38975491055,82.45090960059805,-240.03245792809753,0.5927045882348958,-16.806208040007228,3.8843649977644943,5.855259308665203,-8.4811689683893,17.043743357763965,3.436237837331392,1.911068841640509,2.1879435153849824,6.110648626248654,3.0453918485998743,1.2839532777893552,2.694792401,1.945207599,2.32
-77647.13002551925,-8549.655974165575,33757.3984232661,6355.234525823649,-1261.7264214191136,3685.265017306053,4948.850848653811,-625.6334579177598,95.57881021445253,-14.085178355959961,10.025177591790564,-1.3096925602533052,8.266546527700017,-7.851410537037093,11.005467818928187,-1.1692753632052264,-8.48248226270687,-0.17340486944928676,-1.0109422376317956,0.1884907297711536,-3.2666038131516006,3.923636291,3.335622968,3.62962963
-190387.4595414204,-665.1960614797362,-1843.7495985845178,-1792.1233377802798,-1105.1113494012113,923.7206345793487,-11754.647097312223,-376.9484135977851,162.77129206197253,6.987017152819761,-9.247606013838606,-6.751634170345562,-2.786446342042257,-8.480479052135795,11.374730135706828,-6.354924921062323,-2.637872548215477,1.9301324590872302,0.20741610453240458,2.880269114388525,-0.4009225743615336,3.249159055,2.784174278,3.016666667
-26583.5577948774,36651.06543421825,3830.566155433918,-438.7254040794578,338.62511018582796,759.8184225003997,7893.891358899561,324.42463003269955,25.10801630850455,41.94673974056692,11.026587623434235,-6.257788725481961,-0.5154028315745832,12.512626010615797,-3.088861527121658,1.5278918520486582,2.6866408443539016,-2.007835609173588,1.1477760219632667,-4.207317959099484,1.7746609039931618,4.329362543,3.770637457,4.05
-163371.8021396242,-21798.278434606404,32194.503462540288,5952.8680976310325,-1586.6057813299851,4125.138040600293,-871.0962610537647,451.0334297430375,224.60216985846475,-16.98033165465794,-22.735868116478166,-7.320282865192896,9.838497446714056,-8.302838212956607,15.385084397229821,3.628361123934126,-3.513620564258613,-0.8087701778926076,-5.1540721028501215,-3.7225953450620177,-5.90140018858628,3.421011653,2.986395754,3.203703704
-196930.49038238896,-7262.109974575311,-4406.180802818731,2973.777114700289,-1557.880119525455,-15573.846834169002,-11654.291105016277,703.4718964310871,172.1755026770706,40.779197726439136,9.78261357172732,10.421676837362794,-4.272231544326455,15.936266253089386,-21.88403419839514,23.81017198654116,15.307173932003133,13.546227655442653,-4.190914730836072,15.736517945737143,-9.188674136025186,3.107115012,2.596588692,2.851851852
-196314.9490813162,-9595.50877627866,-3161.765385310513,-17493.76074966723,4146.381794016224,833.4866999158044,-10676.259158492727,607.6863165547295,228.03863891688354,-23.85626309154233,-23.092905943941513,14.759624440287338,1.5224821569641167,-8.520771368313119,-9.268633425206843,-18.45704034832389,20.851065642469713,-8.267816866676661,16.42157548450211,-5.151106690524094,-21.377881727933644,3.319639376,2.7838089,3.051724138
194960.65869782024,-76837.82761683453,-38291.31280587728,67.05957369875449,1055.8447228232737,-15781.142624203485,15690.021481197948,498.63495965215344,111.4058966662199,52.8103601715811,3.332138256108433,5.508299310597658,-44.398533635338744,-11.719498233728439,45.96635280137617,-44.474325275613495,-23.45867343722455,24.551020839274873,-18.54542660916386,22.22975385566561,-0.6463469429217847,1.543937516,1.222729151,1.383333333
-14347.637429979091,-13297.012857945734,-2132.1441083389714,37660.141532212336,24478.089149886287,-20627.028754354364,7234.001214949851,487.6037142102901,467.11401962242024,45.140314273936305,-27.385203649065105,53.186059959684655,-7.813554256121414,0.06378178411317673,-23.22410395881444,19.565701750060747,-7.560146594367329,5.01882366723695,-5.606599979311655,-4.331322889100623,11.19122542704884,3.907056989,3.437770597,3.672413793
-78041.96969912775,-8500.943727850483,33760.37683868014,6354.4320480041015,-1257.388495706026,3695.594322229978,4991.557092448908,-624.4744194297892,16.428704124512016,-5.118838277750971,-20.28579099470719,8.672722239683399,8.689323901279591,-9.846802911841557,11.432395055268067,-5.7144007359005675,-9.814085393995647,1.5003681114464626,-2.679119198071175,-4.919734903538596,-3.831491337390483,3.991799552,3.401057591,3.696428571
26676.551301628864,-71718.91671086679,-4229.979698130437,4431.085218515051,-81.8741552188746,-7518.307150781864,12531.620564008603,-560.8426227412449,2.5689546825853853,-151.09372210981115,-30.297581297875222,-4.958244208360958,-55.40921495904801,-0.44910473826870234,2.4432926212634762,-17.09347683809139,9.668512875935853,-15.235747762723546,-15.943703913756817,3.5233464438069375,8.500212272827252,1.56564417,1.167689163,1.366666667
-199001.3953729737,-7083.478348273242,-4253.352899395664,3001.645729908622,-1536.1411062193988,-15509.460153442364,-11386.997057472105,-282.00643815196077,-592.7121661488967,111.66428576436479,10.000387538082789,38.06743036474672,-0.8772830167539578,1.5371016853778032,-20.04919847409924,8.547785222762576,-7.2192958239705005,22.891076541360384,2.121307404199835,15.068828925769683,-10.593847537494659,1.362669765,1.137330235,1.25
-213707.6466873954,2212.97498111361,-25044.84985482214,3553.0286881065376,9634.634542500866,6831.152886313851,-17898.34063133076,-303.1946675236215,99.33587148500652,6.245377766078334,15.15413279511578,8.535534701901046,-6.667799492633662,-6.899456872645002,-5.04716605066344,10.446113536508419,-18.010490446254643,-20.33445858506461,-13.13761200127867,5.107925243629911,21.974321084471963,2.576073139,2.123926861,2.35
-51096.59293513658,48395.261882625105,-12707.192109726971,-4250.245137720114,695.5568690291965,-503.46972672589203,3765.1165634505473,-611.522065715314,-149.40763348222652,65.57867679369497,-5.66175927233764,1.4376699313420254,-4.827522592267755,1.9263013790156536,-8.167762564520723,-6.536312624644422,-1.982985548578963,2.0739821915946814,4.47508294955139,-7.089577371968338,4.943130544908051,2.501572021,1.9811866,2.24137931
517257.1429616262,13840.12274000761,9681.205460205949,2719.0481330731486,-2589.1847523654037,-10118.118649799591,-17523.0825470321,-76.95967723445152,-178.03205662741303,-25.68680755707983,0.4908120931055349,9.813216698641423,2.5076325900967964,-10.580934212666136,8.410819406991061,-0.018136996123169317,-3.4122136012743884,0.10488595299393448,3.4769885560197964,2.651037133886011,2.9686668220336956,4.659037443,4.269533986,4.464285714
11221.217982545977,23418.30674647216,19902.251126885847,3326.530800993997,-159.7708371924605,1620.8336501851027,10461.462036047247,296.3371252789584,17.2066694278294,38.491284305219175,20.87801632736174,-4.087917052511143,6.214268871418436,10.190099787306698,0.4468560133471716,5.241321281639846,-0.3169239872184875,-1.5952833219082265,0.8674560519334235,-3.0923685706225243,0.2095462904335485,4.549695967,4.021732605,4.285714286
176344.48446837606,1831.163162581231,-41623.89831047304,-27684.468121692404,58461.086547879575,21728.640333682393,2952.3000312618783,-605.654550270802,345.6119544894301,35.080505579584845,29.12150691552327,71.15008264474945,17.158577531702075,5.732864059543704,-20.475553527891073,9.15681669092783,2.1060368703866295,5.919420218152224,-3.7174695084980693,-4.38466963249636,11.301653760986046,1.965763382,1.498522332,1.732142857
-191915.69020242398,-27885.88916159393,8528.711275312227,-12819.66857144787,-11036.567994415565,8036.713640642454,-3312.8013466276766,511.2055008336191,-784.4122641414123,74.77838268626049,26.132624928343812,33.04750221949688,4.929514189137452,-3.917340916434014,-6.278202462258456,-35.1851514849782,-9.355576672496639,30.58836028315343,45.78452104191629,-20.773062991698808,30.794644492587633,2.518109498,1.948557169,2.233333333
-48589.14047019039,48122.913162874305,-12805.278004868305,-4261.973145524443,668.7992030795361,-578.9998940271234,3466.4788485273766,-610.4194372244131,43.99335344395269,46.76478027878977,13.365235243319738,-4.852627912076019,-7.184717712541518,9.39000575388291,-7.838119744489363,-6.674207515361881,2.117909710820776,-0.5824088431296895,3.470559855613703,-1.2816085142107385,5.8919943472935135,3.799760206,3.165757036,3.482758621
-49001.253181786,48167.389711458345,-12787.790589645283,-4259.8333151917,673.1571690427376,-566.3248469990531,3515.661438725814,-611.4324764486859,44.63990680087867,46.941621787553785,9.787047487497494,-6.176204421460542,-6.933411180229591,11.01263002155962,-8.031941775985848,-6.734828480871395,3.342408193751853,-1.1539461454965616,5.149723093542685,0.790367381115002,5.794291798078914,3.453428328,2.925882017,3.189655172
-163813.6276533671,-21749.166463269707,32209.156319098864,5954.380185908403,-1581.8663141067095,4138.081483599818,-819.2645207411372,450.8896051334766,176.29643738646433,-9.546024007457456,-8.846636640399948,-33.53076687022942,-4.964079992470233,-1.4454863715855653,38.3084253508725,7.18719360849389,14.089596213340544,3.5552551007012014,-12.36171246636904,12.725590309308549,-6.315541272687193,3.551922047,3.103250367,3.327586207
-96939.3177214531,-20225.548858060884,25415.29105191508,7637.818170149497,-24937.639681803063,12734.038978059676,8601.381425464515,303.925200559318,71.65183880461595,-28.301501607937663,-37.52107510580705,-9.21214182596185,20.614130978797373,-2.1921194638355375,-8.179324405015514,-13.10014982872689,15.626023879385714,5.791754061641724,-13.158175295547906,0.9712754894551134,40.36423564210758,3.809449298,3.362964496,3.586206897
-4587.588432627595,-47064.65999952641,11133.250748088396,2744.8423203421494,37080.50173401983,-19604.606893620286,14047.280940942022,419.8202340651229,-535.518639241781,43.30457819447336,13.781650794773684,18.9466133193261,-43.864252499360035,-12.738760802071559,5.522393112563414,22.93655086217971,7.377521815368444,-29.941878849463553,22.869026431874662,7.159431906119449,-1.6607997038901454,1.384178612,1.098580009,1.24137931
99227.65415197503,4755.525827243124,33862.49421533196,6835.916160387925,-1189.545698625204,935.8738712853474,7030.301689268225,-609.4672945359227,-138.35032380028656,64.34715891743072,-7.553299233989205,12.157826386945509,11.222043532661768,0.7509040968044722,4.7889814205556185,-4.024539173733551,-6.100150924598732,3.5143099996510623,-0.04638809100413163,-6.296157633087574,0.8298560013883398,4.386792309,3.909503987,4.148148148
-166880.5504235901,-30994.275163915143,30775.682622414224,-9759.988005768866,3638.3243674529535,3951.8807625740296,-112.26104296436792,-554.1667178054726,183.44116164330546,-39.914762735948145,-13.680846266968643,22.043396036477358,11.93438157780018,-16.674210434807247,-5.217262527634945,-21.661481931386266,14.83850248512979,-6.320480008143296,15.442718957017089,-2.4308533897338696,-21.284713464189053,3.523768328,2.976231672,3.25
36943.09035456148,-3017.0100441512054,15034.833737702265,-35594.79390084361,12361.328100781308,153.87096373433153,8241.562767209773,-641.1976359232644,76.31618241300683,39.30417377588681,15.472178913267108,22.178243924221604,4.590098154209101,10.837231066512993,-14.15949160909546,-8.507085255497817,5.873681113347863,-16.915138975142387,2.3700258560169614,-3.8933684253083722,3.3558922471026986,2.646890722,2.056812981,2.351851852
-96471.00174229148,-20285.01670098855,25410.00676565098,7633.307763182544,-24941.318047788453,12721.709091305805,8548.169920031158,301.5012528605164,210.28209546382783,-42.33793569130301,-2.3703886198647215,-5.430859324523275,-0.36447689136098693,0.8000096562507988,-3.6880722380905704,7.728802168254128,-1.4801285442304652,15.028037980392268,0.9938986226333352,-9.482740140051018,23.996271271973562,3.824198457,3.329647696,3.576923077
-182389.01502354728,-45316.29406605447,22849.537328776565,-4182.857420048172,-11739.308752690822,-6948.161866915103,2120.738012132991,502.0435800908609,-478.63658050372885,-139.215420422113,-21.077030971427973,-29.931554668092282,13.509055452571303,25.61814793790691,-41.32191482563228,-30.814296757515134,67.61307646991354,14.725427482099935,11.119668734030254,28.26944033352444,14.23482636367192,1.868626477,1.476201109,1.672413793
240152.04350781915,53137.7862928366,3295.7383288434066,92.14336902633266,443.1035543547051,-3671.634099582653,8301.207190004203,393.681941239614,-262.7535846552124,-74.3504254020888,18.123304488141994,-17.52100609122628,-13.74782130848984,7.2149198374374945,7.972313063933573,-4.662383756994024,2.8254645521262365,-9.223951429285162,4.223206527667985,0.11602563371344538,-6.242315109926913,3.469450144,2.923406999,3.196428571
-131948.61699090252,-36620.90727116634,-3822.0895889541484,-6616.675520624621,474.7058591809293,22873.594363134103,3411.7616590038383,-632.200423999756,-470.36621799901417,-159.0251411778981,39.98465226858142,-43.21741304557362,-9.556869236495036,-43.24709720139353,-17.187259821813385,-27.50828891031841,-2.676340933710207,4.198525316762526,-7.7267275486265365,-24.0252078889959,31.596697117439387,1.74043084,1.328534677,1.534482759
-190106.4398123923,-695.2418077846924,-1854.4766887906512,-1793.5134807800148,-1108.1538674181727,915.4386237070535,-11788.662119720568,-377.97862961658603,230.9286689905458,0.3221854562078166,-12.69529099648398,-7.739151894576591,-2.1114355248928973,-8.515440111656062,7.902357859773184,-5.097156831400881,-1.8920619735576223,0.8381123861408548,-0.5779728280359099,0.5191967411860021,0.6156732710097155,3.448905722,2.930404623,3.189655172
-186353.74250343905,-17582.125847963423,12842.85981163271,6888.57599244986,-1768.0394627315134,-13880.584254546107,-5831.029140736799,-365.372317835449,-804.2978435906797,124.97501247964686,22.298462313498487,-38.119249975839715,-8.583506965989683,34.19452657193879,24.401561133384966,16.640799723109538,28.30396510074126,32.13789105552964,-16.056265656927486,24.159822061782574,-25.655208178955146,1.529546306,1.23712036,1.383333333
-56563.329332473215,-26534.50973306762,-29185.676392476813,-14663.104679990403,2252.0243166522478,31809.277535131292,9714.00374710277,-747.8210618165523,-308.4371313262369,48.80021602588808,-296.7366709879623,-8.919096498379206,-24.586416411557007,26.35665055591108,27.793095961322077,34.200320974977394,25.20704750353673,-15.263392858851015,17.93228191039113,54.0628602264969,3.094639355715659,1.400678788,1.15104535,1.275862069
246964.0287694965,52399.617251183765,3015.3419901195916,58.390186014289576,370.92783995017055,-3879.7161249586666,7490.172924953072,407.14426141599336,-158.7003097466818,-81.57322252490884,-17.72962816080166,-7.782365010226084,-10.773473379003569,5.429402825269716,5.346117703658293,-6.853460160085542,2.4056316879064914,-6.417690642407993,-1.0300127843294624,-5.56667268816715,-2.988556627369422,4.586922149,4.190855629,4.388888889
309437.32018537517,-89263.16899558663,-43007.2117321509,-496.2868214252415,-156.34319356174413,-19288.127176015558,2063.1333151755075,-239.13091335139256,297.39340154764454,72.4841237469576,-25.290548286070656,-150.35766157193214,-19.57949019716037,37.17824602361607,-5.5532304791185805,-47.052312629699244,15.332264358607542,30.500426444816437,-51.28348511248379,-48.95986092068902,-8.526327738436581,1.377270849,1.056062484,1.216666667
435792.43342672405,-85548.54065771852,-20471.53843848949,-14374.157935838215,280.20583106711206,39364.37307034314,-3719.2909475121105,-390.6348111037118,-302.81721324486267,257.70421753131694,53.87455769340498,-81.07757854841674,-19.762358098876035,76.43050229863745,-25.520209703410362,-3.7040857005494523,17.72667523694378,-12.063136403900716,20.31355196104334,22.43935226562041,-0.3576216975287811,1.363997599,1.102669068,1.233333333
55361.814486334195,18609.865335226856,18114.741054122183,3116.64092638166,-627.5918344014921,269.33228895957694,5210.6369781891135,-599.9470632967059,29.369528829879993,47.76297469349059,17.360966586908056,4.262266838559959,6.5365933689366775,4.308604473837237,-0.7209344564197803,0.5022392848958198,-3.1886671935850663,1.47681327571128,2.742907270207355,-0.9793656211005799,4.135652763195861,4.442228583,3.928141788,4.185185185
-172152.59757377676,-37771.62475972008,28242.29965727699,-4981.91206722329,3171.121740120587,-12579.30357730947,-147.0685513524017,-472.1039903360198,259.51325968297465,-12.9897988911332,-10.14930261431899,40.55607976208245,9.355558966330566,7.003358695884918,-40.19072088432917,2.8598788873002183,32.082653678509836,7.245389021184542,8.847736807353137,7.099518275887902,-26.633833379003473,2.137035504,1.690550702,1.913793103
347922.2314522347,32285.958984764242,16536.086150065414,3524.2664239157953,-796.0985257862843,-4945.407346562386,2571.0582169445515,525.2452499615068,-117.82768741571753,-73.28616807350934,-6.671406831862574,-5.796977442158152,-3.132657267353531,1.88738310565885,8.871732181467609,-0.040939789853616244,1.2227539218425807,-5.073751733303009,-0.19236310586131292,-2.7103567295215347,-2.680531765355463,4.785550297,4.325560814,4.555555556
-42560.93726866817,17115.224246642098,-9567.332444191356,1471.2005487724055,-36337.38242754149,14297.313313972356,11842.383212629753,246.01546255339537,131.62018838316192,41.15683597626474,59.86589579120137,-7.933219685068279,-6.131089843130464,6.914932293825936,-18.874504887827282,11.833752781906327,3.876590287950774,2.3982302788082084,2.961804605609943,-0.6779390106371735,11.343411140645852,2.55951845,1.976195836,2.267857143
386217.6863059454,37229.05160606467,-2618.199418355053,-603.0517451837117,-1103.7924264184805,-8133.750324522765,-9036.468176121349,-266.738953111487,-164.07228519487987,-48.07683609792542,14.827340232159827,-6.0013637531699855,-7.306804766494886,-4.8720092430038955,3.7346287306737453,-0.833588425097937,-0.09023075521177379,-4.298371355228828,8.091123758570356,7.776383564035397,4.570120245671064,2.692561138,1.950296004,2.321428571
-209627.37297721833,10505.760635605484,-18585.64541700601,-5628.075747261094,-803.2589349861828,-490.05825688506,-16475.683550323174,690.6710429020407,263.9282367324681,6.156374868624487,-3.2241911179475498,-20.98010077010361,-5.622994514988404,-1.076114051604148,6.431972752747715,-0.03896181917173725,4.444336259675974,-2.071840606348862,0.5348501520402168,1.4943835598425512,-1.093230870616724,3.060916712,2.639083288,2.85
-133309.22184593452,391.21379098407414,-1612.383581125528,-26405.457462715953,7818.6737123920375,922.0083414465751,-1956.0858293161816,-521.6705930670494,117.73281958064074,-28.93544195782187,2.9622020899084824,31.221821616524014,4.708344246782877,-9.4662404130946,-9.635473523232713,-20.90794378878775,10.655369283847472,-9.69498676904787,8.862309252636503,-0.7663617331532699,-11.372573720869568,3.669138913,3.145675902,3.407407407
99683.4376010912,42300.423726821085,-14245.533031397632,-60981.895871615096,21091.367795958104,-2400.064229557611,19193.186418991278,181.4331989384777,-86.29455626982575,-102.2695036615721,-51.31003970177475,-114.28897737843798,50.37330775626445,-62.58948245633626,-42.74308541005631,85.96701984351058,-64.59479332523001,66.1729268759386,-27.123303123775912,53.968730817305286,-15.770121185540951,2.241733096,1.758266904,2.0
-101098.87213979207,-6926.486666838949,-47846.55527696735,32033.43875251482,-11236.313187071182,-8964.16138994818,5658.712009566865,-504.5003645859184,-293.1234427889972,-25.489091390776412,47.13377594202199,51.33254827875442,-45.607449871141014,-76.48650726014763,35.92803967838151,55.52047410907814,33.1892234021619,7.667990827682969,-27.27639980179709,-21.626414698190214,-0.9559104595047818,1.424230754,1.075769246,1.25
-181960.25102534852,4327.707405872788,-29675.37096695827,17322.89758345566,15928.722161634923,-14362.218187427497,-7875.0863814721115,666.2145851141265,-526.3631776567241,150.00112831301752,23.52656208866515,7.473849431919507,95.06169608257244,-42.246501400058406,-64.35989354010945,-0.13742528995353098,27.63602089900105,-48.466216957675044,-57.06786518340977,38.988326592334545,42.583006360498416,1.91045444,1.503338664,1.706896552
-53392.246184111056,18012.320848377116,-11421.450224731827,22287.36802836448,26262.63950832898,19340.51601407582,6372.142721579478,313.12896301751425,-947.8735154537093,175.9939977983503,-214.5161861188618,52.98816322780294,20.746451902389666,-29.652012433014026,-12.847733550214018,-27.61307578932021,-20.77367939988242,18.618734960780724,-2.4731159728078675,-70.27317910216352,1.618274880582694,1.868626477,1.476201109,1.672413793
-208652.2272985819,10399.324023760077,-18628.078846874338,-5632.927004532623,-814.048231118647,-524.5472941780989,-16608.402152867657,-304.9127904977401,217.84388209878475,10.838015380873017,-27.628498875993014,-6.789036761743582,-5.8621669303082315,-7.697748751354474,5.011583518303916,-9.374380834586056,0.12442403303572694,1.0169109757018597,0.716960528831396,-1.0263822955620385,1.7736743505293513,3.228121605,2.771878395,3.0
-180571.3484709124,-45568.32806151499,21891.498100982662,4222.671994411823,13673.694870389369,-5131.278872554604,-839.6712968923393,-468.72723573767263,-404.9567115066029,-155.1219684537825,-17.288082054123254,-15.04568579931468,-7.062485155792925,4.832654429892718,-33.505095856389104,3.5747289338428807,14.518809199314848,-26.5041242363512,3.825246315246078,11.876414791226951,-28.994256635493137,1.592996662,1.240336671,1.416666667
-76506.38212192188,51165.01145266307,-11674.953404730357,-4129.47849806823,964.8481689372778,277.417553064544,6792.992139838103,322.8593398170865,67.4955735085463,38.72505582246504,9.027123284324794,-13.320662660195481,-6.4758382300134105,15.775363278257393,-6.564037305719012,-1.715293309995465,6.109531821107288,-3.2303386464123736,1.392012879510966,-3.5666060247924185,2.8531817073191372,3.849214939,3.150785061,3.5
-77623.80415645488,-8546.810450909818,33746.92790297083,6352.889327075424,-1261.946029949669,3683.5859688268115,4941.79544921073,-626.3483863374174,129.853016871841,-16.036685767134664,-10.65538924042164,0.47773421454116916,8.08466018721613,-8.079761748532338,10.607114825055586,-2.667062841276331,-6.9074963680688795,0.4355307559518046,-2.1667975874133827,-2.5091494263315948,-2.4260544477850394,4.24461591,3.686418572,3.965517241
52139.93679653552,9887.385123787439,35769.550014144756,7059.316898387956,-690.720276320819,2377.9619874102104,12627.96680117029,275.2075670120383,42.89203821329671,34.007801538470886,11.943581860163235,-0.4605682119716299,12.280958137925484,7.314585506492483,3.580649236708239,7.387276003593041,-1.4535935451415947,-0.7231804654335902,-0.8042549620015559,-4.153243990777954,-0.7726438992828533,4.655644914,4.137458535,4.396551724
102995.09709901216,4346.5997856545055,33710.42896957832,6817.721536321495,-1229.5585895463716,821.3302906862817,6582.007430679915,-603.739989389234,-12.769232338395359,51.51186748245256,9.856188072266733,8.82530301734997,12.207245785851445,0.20590657584979596,2.665077351850052,2.780293078214906,-5.550647156954313,3.363534418076177,1.9882014761153866,-1.0275000865965163,3.027439277221714,3.658971212,3.055314503,3.357142857
-88033.83864729258,-7413.186502286753,34170.77181432813,6402.6814161953835,-1151.2144101682927,4005.8103909021415,6193.797922582745,348.62382648478945,119.69224456780667,-16.888824565107576,-6.776720396575323,-6.070825766857183,8.840695767344931,-3.286842684407494,12.382872927478793,3.571064404961913,-3.790809687771881,-2.1221427691759756,-3.8274893968736254,-3.8311569702016617,-5.8914272759142445,4.041123384,3.392209949,3.716666667
-133621.51855550046,15741.948813768673,886.0939702986934,-1253.6319354796667,-472.51593519280186,1375.4164908714524,-2469.263725596738,478.25061528674894,-22.360107035154638,9.5329131876253,26.421878748841337,-13.603956695975246,-3.681962095667808,1.93494671045037,7.034787984716453,-0.8368390100770303,-3.07482098034903,-4.474524736936279,1.2227727589876576,0.9383597007786113,-4.440102134014074,3.574117983,3.046571672,3.310344828
-162708.4457579387,27985.137869965216,-15460.28610180657,-5042.9359857926775,-66.87064208755369,257.4068548981807,-6039.703594694551,525.3201559630177,21.1058715884207,13.285937201384089,-14.099172311563901,-9.192742664867154,-7.4941323958655985,7.11256648398426,2.032752757668612,-4.001654152294609,-1.3789827617037544,-5.090342926186596,-2.1277648660014177,-4.54739350836337,-6.1745524197278705,2.558665314,1.941334686,2.25
-87866.5021197085,-21410.74765730573,23566.79434772591,21060.93184709888,15479.219672352883,15519.970187952773,3117.613864607295,-630.2993163261777,14.716537359865985,-5.587674625024459,12.704241810984222,-1.0256972781970335,-3.0620020340032927,-7.193395130676337,7.739314518384433,12.73231432541055,-24.097787078923194,-7.549761518131889,0.6933272147771119,-3.5789986523045556,14.943383035208239,3.165961789,2.619752497,2.892857143
-132848.5250876096,15660.234905785774,854.9481043546187,-1257.8418659107929,-480.8777153143261,1352.4826710633508,-2563.562725139733,475.2885060528805,172.0089960743959,-6.870478966282142,-4.324111435934478,-15.588587530408036,-3.034376062848206,2.4392376270751566,5.711772319780147,0.30652352784619097,2.5237868952196867,-2.9083909564610253,-0.995952591779505,-1.9023276946488634,-1.8373091180945311,3.846189416,3.296667727,3.571428571
-226955.4181620551,-13200.05831384772,-27993.982409483055,-15770.414877283525,-10973.793713671213,-11614.647494110388,-13680.870493587552,748.7169464134611,-542.8368188536762,-113.30128375547828,31.774987553340672,46.412162492618506,-25.799488952647128,-0.6031021278540107,-32.58882690409278,-7.442248622354554,13.317253865145926,16.367464905686617,32.3933865137942,10.571161375691457,-3.843397546169243,1.945329132,1.488004202,1.716666667
-208656.10983661868,10399.087565069038,-18626.088821366695,-5632.565155429723,-814.0445660095074,-524.1586296294676,-16607.51964649725,-305.5108486778791,240.42475408896345,7.818744286618599,-9.840421451980001,-12.025058668388173,-6.193976967213382,-6.581828864180738,4.925534514589133,-7.393495662095904,0.4773295542503005,0.013569179102524902,1.8263037888849427,1.766751366503605,1.8166830217970669,3.109396031,2.640603969,2.875
-154254.64509202202,-25077.72318146763,-20528.21915776109,-10455.160721404936,808.8603531032742,21532.980623120082,-995.9787941442165,-562.7196660404011,-650.975110168257,-139.82773591266908,34.89044585324464,27.064046768083863,16.75410304436643,-18.517716604261203,3.7829273102854017,-5.362983573647187,-0.836500835861187,-28.306112109618716,-8.589785875238727,2.587685258700713,17.564502567462362,1.765816215,1.400850451,1.583333333
43566.18165511426,-3740.362577569601,14774.153173958772,-35625.04043198829,12291.008255227438,-46.98797273316849,7457.201436953149,-628.9251309026135,216.30716706895862,21.93910616106745,56.21511261221557,38.912779802930366,16.144209654989886,4.773396054839597,-10.855508906764124,-0.336283050827593,1.41771479465769,-9.101925851430016,0.3812326846356744,0.9169274025327613,3.8719672294614367,4.625796982,4.159917303,4.392857143
-190114.2177099819,-696.2940500280641,-1851.0884203254552,-1792.7224307362994,-1108.0768412818209,915.9344445932018,-11786.191331967417,-377.4673450351401,207.98275539885537,0.7218834208159669,17.840478686870583,-12.258911493849611,-2.0368533799768143,-7.782305955227097,8.229217772365272,-2.5131903090433076,-3.389370984976743,-0.45555874233843824,1.31426972258098,4.605491172115121,-0.23545533015386838,3.444807906,3.003467956,3.224137931
-178608.71097964686,-11062.663455784821,15284.681606688413,2097.1358900194255,-1327.5456114844874,2583.9536932964565,-6084.385032159484,531.269625846912,233.41025985604577,-9.170634731166917,-9.635572454757638,-14.663916262989387,5.614925551245952,-6.107481100721124,11.972012294079502,3.3466792283764986,-1.2117901136518867,-2.2858270671447634,-3.3751618249341195,-1.0407067340911826,-3.404516727150677,3.430356437,3.002976896,3.216666667
9555.79690823869,23600.724802687386,19966.81886802307,3333.919635185689,-142.07985765948925,1671.2436655713846,10658.285895662602,293.3106317418445,-17.40438465699472,43.295021235086864,-8.0623545485479,-2.586335812352188,6.584745678998496,9.359132065279587,-0.40085720309972606,1.9055213389813186,2.7339986707166597,-1.7899025377399356,0.5873721020011352,-5.165552694448552,1.837812339386115,3.431346944,2.747224484,3.089285714
-177014.217744257,-11238.411006795295,15221.578181771754,2090.2249609781434,-1344.9592285203942,2531.1495112673683,-6289.241279489768,-463.73774862989126,220.65316190470068,-9.400493941069907,-0.437644248773616,-7.484072829883373,4.031137511614121,-9.469290289299359,11.404200189225262,-2.3828609112928096,-5.394471536648906,0.023839544945278773,-0.5113586321762159,1.5745614583102845,-1.2415415441389095,3.373239619,2.937105209,3.155172414
-161757.64749986122,-21975.32130728687,32128.942917747077,5945.490945369085,-1604.222556810804,4071.5312182259886,-1078.938130296923,-543.9212534583747,211.25191830823437,-17.8746005710029,3.2239601381550274,-5.462227947727018,8.879786839568547,-12.304345004848436,14.014776911536138,-0.3071869246360145,-7.880526278136164,0.21739108758143658,-2.2560210113065624,1.4365487282116074,-3.5142572870059996,3.312221095,2.887778905,3.1
632550.9162240349,-39636.76978400999,1546.2932680202964,8841.071951272066,-59048.29020220591,7900.235408919898,-21173.810137798486,10.373017555704061,210.38601933893304,53.57001235469028,-7.294554101812804,48.629680596886935,12.212178902641146,-20.07658048515637,-17.41531479290146,12.935142953666178,-12.400526997296712,2.910251789862687,-4.340731226195936,7.259925514847473,-5.297059225128567,4.756993215,4.311972302,4.534482759
-110981.10054968388,-32011.89647944809,28211.92348080542,-11028.35082645702,6547.449936488373,-22466.14505131778,8402.593631115427,469.4875989811233,-607.9741650643133,116.60766652300886,39.754730008257496,12.206289800309255,3.040297418873452,13.198352180033849,-31.411963682799776,-10.0572288753147,4.963639576291982,18.262193081377653,23.70313258322923,13.053988537522807,-29.02929942113207,1.513780279,1.186219721,1.35
