pca-1,pca-2,pca-3,pca-4,pca-5,pca-6,pca-7,pca-8,pca-9,pca-10,pca-11,pca-12,pca-13,pca-14,pca-15,pca-16,pca-17,pca-18,pca-19,pca-20,pca-21,CIHigh,CILow,MOS
-196314.9490813164,9595.508776278764,3161.7653853105694,17493.760749667264,-4146.381794016042,-833.4866999157143,10676.259158492712,607.6863165547278,-228.03863891684333,23.856263091519583,23.092905943945137,-14.759624440284618,1.5224821569599067,-8.520771368326294,-9.268633425213851,-18.457040348304997,-20.851065642471237,8.267816866669378,16.42157548453658,5.151106690448996,-21.377881727930472,3.319639376,2.7838089,3.051724138
-77623.80415645451,8546.810450910185,-33746.92790297067,-6352.8893270754115,1261.9460299495156,-3683.5859688268924,-4941.795449210747,-626.3483863374257,-129.85301687181538,16.036685767161966,10.65538924039866,-0.47773421453367176,8.084660187212716,-8.079761748503286,10.607114825064496,-2.6670628413165387,6.907496368058906,-0.43553075594085167,-2.166797587429656,2.5091494263518466,-2.426054447789664,4.24461591,3.686418572,3.965517241
99227.65415197512,-4755.5258272431365,-33862.494215331964,-6835.916160387942,1189.5456986251734,-935.8738712853628,-7030.3016892682635,-609.4672945359227,138.35032380034284,-64.3471589174413,7.553299233989741,-12.157826386947784,11.222043532657327,0.750904096795305,4.788981420556925,-4.0245391737316725,6.100150924603098,-3.5143099996461786,-0.04638809098247875,6.296157633089102,0.8298560013905583,4.386792309,3.909503987,4.148148148
-154773.63207690258,11063.610520818927,9864.415822993107,25113.803782766707,15831.143868568197,-10034.5466253241,-1975.7628768217771,422.87561400229396,731.2311603859479,-28.11083564176401,-52.56112379746854,31.833444763827497,35.308691643893,-51.51308220552658,-28.137520250311372,-37.960093304284335,35.22915267715935,-43.695798532379364,23.30525506968583,34.946873098532315,-10.63851359681071,2.303374142,1.770699932,2.037037037
-126571.56289184795,21905.741775529077,1497.075184791679,-18507.148546627683,7891.283239722176,-23158.03715155363,-2067.5690766944863,362.5843055862775,-287.55221199329776,58.0655692586205,-18.71508384476758,-13.325620855985655,-8.60140284232843,3.197722677459381,-13.09692096861006,23.81151475769258,13.073191288160015,-1.6531879456993466,-6.809505828833122,4.890192597775171,36.67326291192695,3.665622055,3.092998635,3.379310345
-77373.06945264217,-51259.120322478535,11640.217338242564,4125.327942557421,-974.0574356793627,-303.70657813813045,-6896.1167612095105,321.69489427135534,-32.27103273692484,-41.91985227921523,-13.835733353128187,13.627663988190415,-7.200706839143849,19.15877604858518,-4.956267201482868,-0.81389870583476,-5.982680442952725,1.253726090084406,0.1006479552504978,4.619365038471969,-0.6222540532821135,2.728559181,2.057155105,2.392857143
634664.4833016027,8022.255790935339,-22450.53590118068,-6087.790261845603,3929.7544717277838,11695.964244109262,24425.389754910502,82.45090960059791,240.03245792817043,-0.5927045882435893,16.80620804000781,-3.8843649977838886,5.85525930866816,-8.481168968389367,17.043743357763823,3.436237837309968,-1.9110688416399646,-2.187943515388627,6.110648626226047,-3.045391848608338,1.2839532777899902,2.694792401,1.945207599,2.32
477412.6598567944,17033.314928325384,-5594.913974668192,54905.21795046503,-16895.965544373954,9911.09848935394,11542.630826374843,-170.93054861085304,-45.54395820587965,48.27641643011601,2.8755767158767074,-29.27427130948168,6.049134244221045,-1.203636313357645,8.696875944124036,4.512064627818029,2.8969212693826183,12.599775595759127,-11.982792607480919,-3.991922998212919,20.795239923305456,2.686788331,2.05395241,2.37037037
389190.72284239845,48615.378784341716,-2411.5975295226044,16896.897913123554,-55914.66786103384,-21263.71193275531,1180.8719319166216,540.5816910920396,-381.11892068083284,-52.30876705103625,-26.99961598747467,-30.268814899361164,29.856966934454395,2.788542654373342,-2.138641896036692,2.7312908774412197,-12.19365765407117,-9.48803844005062,-12.722716286501695,22.053809817186234,10.619847657768597,3.95457961,3.30467965,3.62962963
-14347.637429979073,13297.01285794575,2132.1441083389723,-37660.141532212256,-24478.089149886444,20627.028754354335,-7234.001214949823,487.60371421028617,-467.1140196224344,-45.14031427393996,27.38520364906537,-53.18605995967627,-7.813554256114884,0.06378178411205347,-23.224103958811572,19.56570175008177,7.56014659438004,-5.018823667226373,-5.606599979265873,4.331322889110894,11.191225427052258,3.907056989,3.437770597,3.672413793
386217.6863059458,-37229.05160606479,2618.1994183551296,603.051745183689,1103.7924264184583,8133.750324522751,9036.468176121336,-266.73895311148925,164.072285194884,48.076836097934354,-14.827340232162022,6.001363753152974,-7.306804766484953,-4.872009242981832,3.7346287306763113,-0.8335884251383261,0.09023075520235957,4.298371355221237,8.091123758509703,-7.776383564045752,4.570120245668725,2.692561138,1.950296004,2.321428571
216089.48208071644,-23656.942361438814,20048.952872207203,-33869.24849749142,-38890.5436187486,-23529.523560838534,-4136.746243538381,372.51119375195196,26.863075075728812,57.65785888347339,-38.770969133156505,7.745288772839933,8.539321972244885,5.786163522937601,-9.03347274205216,-9.763317219549876,-32.28030812020057,1.4166467030457637,9.458900731631093,-21.81298746528848,-5.026648381940267,2.986568337,2.293431663,2.64
43566.18165511425,3740.3625775695527,-14774.153173958775,35625.04043198835,-12291.00825522729,46.98797273324731,-7457.201436953142,-628.9251309026114,-216.3071670689372,-21.93910616107231,-56.215112612211136,-38.91277980292613,16.14420965499343,4.773396054845539,-10.855508906758597,-0.3362830508281398,-1.4177147946571695,9.10192585143294,0.3812326846285167,-0.9169274025384414,3.8719672294620016,4.625796982,4.159917303,4.392857143
446900.39699384663,-12433.825912071243,-30047.306096160264,-6979.597634437049,1941.6121556192786,5961.056783815921,2148.5770374509502,640.4610525059562,121.89868655634449,59.846989757185256,22.599379045362824,-4.813773779129399,5.1943345200177635,-3.9055206722212157,12.661081108433155,3.324492459390614,0.7668096121290893,2.3126048985214194,-1.2733404809697582,4.107499482173982,-2.8478442765164216,4.751477668,4.284236618,4.517857143
-120360.2144303604,10134.504422074378,-15464.959965841648,22522.003356326073,-7584.0766909103195,-2545.447962683113,-3576.8105060886764,394.2799169813325,16.6340587752191,22.81931700501461,12.076920535977308,-19.452364733752713,8.178205997836116,-5.849690202704259,-6.169608834991965,-18.200989237635987,-9.840050235996975,7.877683557737243,5.516020428115895,9.129777908062511,-18.451747375027907,3.531309226,3.020414912,3.275862069
-163367.9424092974,21797.332188098386,-32191.98993111578,-5952.286664872515,1586.649146947167,-4124.777660066156,872.6567483242205,450.7675716099969,-236.08846230606983,18.799236483393415,8.170552756328583,11.035399638944561,9.664499857813134,-7.603536138809522,15.341410936652737,5.153890374141336,3.525803306542385,1.6802742090506186,-4.176605777083033,1.6215931749418384,-5.947923098159856,3.369995498,2.880004502,3.125
-208889.81068729376,-10423.582690034857,18617.65368208767,5631.350897984875,811.4602819872457,517.5143993555707,16578.644108299664,-303.23312287240657,-126.75817805670535,-17.649713914384318,-2.212773873652728,8.285908765198219,-5.659339819314035,-7.532160347340522,5.820898044349127,-8.289000424732098,3.0742613042262645,0.020160300183685798,2.882361161918576,-2.2456399436261045,0.11470347056097342,3.24043084,2.828534677,3.034482759
-162708.44575793878,-27985.137869965205,15460.28610180655,5042.935985792683,66.87064208760432,-257.406854898181,6039.703594694554,525.3201559630177,-21.105871588435736,-13.28593720138602,14.099172311561619,9.192742664867755,-7.494132395872353,7.112566483977807,2.0327527576675273,-4.001654152295052,1.3789827617029529,5.09034292618669,-2.127764865982879,4.547393508366108,-6.174552419728032,2.558665314,1.941334686,2.25
-111409.41792087018,7566.273027124966,-13194.476860766184,-10196.169546694855,1645.6606475438548,24020.3061567904,-853.0334106832763,-435.30207462478694,-165.14931186331063,-65.63445664180584,20.500772878394937,-33.43104382557605,-0.7390700869253365,6.485801015730415,-20.63573040554643,10.591642703750693,-2.6776339502796964,-14.432921421236065,-6.560766888080384,-2.9160751846626103,-0.5815288592439527,3.388944946,2.921399882,3.155172414
97204.7485108948,-4979.347650116641,-33942.18420779371,-6844.768339546283,1163.1774161851674,-995.1747963934966,-7270.813269589342,-612.1652701780239,232.95937854665826,-76.46632914262214,15.306174981710955,14.884818776817498,-1.8249119047583382,16.458221756988664,6.650814570557585,-4.945944656212865,14.248059775809574,13.045579731405732,3.6761649066261315,2.2738886473716495,-4.297477453287171,3.002162168,2.354980689,2.678571429
-191644.61798483308,527.3264533827014,1790.402047303977,1786.1402923820353,1091.358878248327,-966.8832707170255,11589.16983336657,617.1341954720756,-243.11419269430766,0.07323449810432427,6.401951363017372,19.06199778617375,-1.6409317800473668,-1.3175672453050042,8.990296675929772,1.6650538911897184,-1.7979685840893762,4.738141777361531,-0.1316323916414917,-1.8250330138042272,-2.9496063500935863,3.094947531,2.491259366,2.793103448
632550.9162240347,39636.769784009295,-1546.293268020476,-8841.07195127228,59048.29020220583,-7900.235408920148,21173.810137798435,10.373017555697738,-210.38601933891206,-53.570012354690064,7.29455410181434,-48.62968059690534,12.212178902655886,-20.07658048512734,-17.415314792903075,12.935142953648047,12.400526997301084,-2.910251789855493,-4.340731226236263,-7.259925514813817,-5.297059225127733,4.756993215,4.311972302,4.534482759
-26717.79814592116,-36667.71102989085,-3831.7859878524077,438.99882701376873,-340.0749133596906,-763.3845797258252,-7908.284908053043,324.39646950260476,-13.540115094163122,-42.25975710595593,-28.0367694441723,9.880701485920552,-1.5299630128672264,13.197332685954109,-0.1911337381099432,3.4311785794543597,-3.4950604644809524,2.2245834217788145,1.3421833470360918,0.408026068256976,1.2551526170797904,4.373132173,3.780713981,4.076923077
52139.93679653556,-9887.385123787437,-35769.55001414476,-7059.3168983879605,690.7202763207719,-2377.9619874102054,-12627.966801170294,275.20756701203976,-42.89203821327953,-34.00780153846975,-11.943581860163174,0.46056821197311487,12.280958137924056,7.314585506499707,3.5806492367150193,7.387276003587009,1.4535935451415265,0.7231804654366293,-0.8042549619840165,4.153243990780508,-0.7726438992830512,4.655644914,4.137458535,4.396551724
50030.00805463143,-10113.997947690532,-35856.49758971007,-7070.235058568278,668.2179192101155,-2441.944983102055,-12881.309331454475,274.72895610646395,139.7741577076831,-50.99456025860899,-18.223683695067436,-0.6449472924105235,13.212484417786344,7.152107219209504,4.622596526424526,3.343654990421505,4.01088890541954,0.9177602493112013,-0.5021276686033095,4.386049271018254,-3.7249549363011774,3.599130983,2.900869017,3.25
-190106.43981239223,695.2418077847224,1854.476688790625,1793.5134807800216,1108.153867418206,-915.4386237070456,11788.662119720566,-377.9786296165857,-230.9286689905395,-0.3221854562112087,12.695290996482775,7.7391518945780895,-2.1114355248988943,-8.515440111667434,7.902357859765077,-5.097156831389358,1.8920619735608204,-0.8381123861409229,-0.5779728280323948,-0.5191967411906547,0.6156732710109875,3.448905722,2.930404623,3.189655172
-125345.11971585712,-14842.065660352768,-550.0972767849364,1293.4060038198718,560.8143237261975,-1119.0146444198845,3469.91477111756,-505.62609282273286,-147.9919563206575,3.59274821551121,8.184548998954924,6.667884093103346,-3.8273244368907138,-3.3633931068223495,4.1826533001083614,-6.369863762050268,1.403007158870167,0.4398057237198424,-0.004608782005821284,0.987175225351521,0.9144747668704298,3.954853907,3.366574665,3.660714286
-133024.9353194911,-15677.979266955972,-864.3225552550682,1256.435279244469,479.0073234347019,-1358.03372405975,2541.4249383452525,475.413043949021,-148.61847898236567,5.705789095686713,-17.905473484259936,19.875446409880936,-3.6474308206116985,4.33519579536609,6.318644216556787,2.1158597260670353,-0.3788322157184766,5.929152911223368,0.4515786538573216,-2.345082684503038,-3.0326329902605513,3.454788469,2.978544864,3.216666667
127680.37018159013,-74465.5778586486,9678.06529616661,3301.2615358672624,-1731.4262025128257,2244.7970753191053,-14615.808687432667,244.56715345890527,155.14329288525514,99.3811426850181,11.832497317398524,17.674960422118225,-18.844199462236706,10.442647966548485,1.5867677331218744,-12.663394132298365,-4.803684245671179,9.324070815128652,-1.2293079428812919,5.918807175213788,-3.89362727913626,4.257197985,3.639353739,3.948275862
-199394.11838568607,8425.603062348118,8112.180355939729,-7412.285751959226,-9386.859531617429,-8400.138837909015,12551.896704026009,636.2256468190784,835.5649202116585,-94.29618785335356,-35.37932748677615,7.7705783878255845,-38.82334449665168,27.549411705452304,23.114093251228375,-3.396940662272714,103.02704481768274,85.84200840567144,-28.25423530485989,-16.842277595046948,-16.916266013049814,1.621677784,1.278322216,1.45
-77647.13002551925,8549.655974165571,-33757.39842326613,-6355.234525823645,1261.7264214190957,-3685.2650173060547,-4948.850848653806,-625.6334579177575,-95.5788102144435,14.085178355957993,-10.025177591793646,1.3096925602543725,8.266546527699067,-7.851410537044401,11.005467818923801,-1.1692753631984736,8.482482262710347,0.17340486945196953,-1.0109422376292239,-0.18849072977187356,-3.2666038131510793,3.923636291,3.335622968,3.62962963
347922.23145223485,-32285.95898476439,-16536.08615006542,-3524.2664239158303,796.0985257862231,4945.407346562368,-2571.0582169445647,525.2452499615058,117.82768741570979,73.28616807352157,6.6714068318613275,5.796977442155808,-3.132657267351991,1.8873831056605215,8.871732181473345,-0.04093978987229054,-1.2227539218462153,5.073751733302902,-0.19236310586251676,2.7103567295302686,-2.680531765355924,4.785550297,4.325560814,4.555555556
-209627.37297721847,-10505.760635605482,18585.64541700593,5628.075747261104,803.2589349862524,490.05825688507605,16475.683550323178,690.6710429020399,-263.92823673249956,-6.156374868625141,3.2241911179468734,20.980100770095927,-5.622994514991112,-1.0761140516065808,6.431972752741159,-0.03896181917648289,-4.444336259678156,2.0718406063439785,0.5348501520355717,-1.4943835598488715,-1.0932308706166993,3.060916712,2.639083288,2.85
-210408.38766419832,-10589.186562057414,18558.332244465535,5624.459426951331,794.6837346564323,467.6568017550018,16380.694206653387,696.2443749337282,31.58532645127691,-34.355697275757194,7.171494168329656,6.251107083011798,-1.8470552200453403,-6.672238605909608,11.544954273532039,-5.674646202437318,3.156197640601689,-1.6127467960314021,0.5242787309151549,0.4926916184640002,-5.711287457149881,3.051922047,2.603250367,2.827586207
-131948.61699090264,36620.90727116647,3822.089588954174,6616.6755206246535,-474.7058591809482,-22873.594363134063,-3411.7616590038606,-632.2004239997568,470.3662179990388,159.02514117790125,-39.98465226857952,43.217413045577715,-9.556869236488287,-43.247097201408415,-17.187259821836697,-27.50828891026942,2.6763409337154545,-4.198525316755231,-7.7267275485406115,24.02520788902282,31.59669711744057,1.74043084,1.328534677,1.534482759
317597.83088975446,-3485.164519698004,6551.012843514104,-37332.04498525967,-37717.59782069889,-22447.373143636316,849.4283033957496,489.06312039304333,-129.0871831286436,57.5086571394609,-12.632660845991822,-4.91058789419294,-5.246991730137312,0.735069097299938,-3.613263425054318,8.053004076790804,-11.98654464522505,-12.943141147324807,13.25040028340729,-3.0207062428825564,-13.276842505429366,2.746840825,2.218676416,2.482758621
292511.2337699373,96535.42824215528,24718.941829645104,-3529.760690759017,74.62619586262619,16752.657640065943,-11140.146262756827,608.2121212751957,-170.67625318714764,-60.78776609547579,-1.6378458608685862,30.795581525497475,-17.777873639068986,3.2179298884731176,-12.360464931831668,-15.383946647874948,-1.2204957221106687,29.26285155874326,-16.51915449942098,11.061783598985441,-7.348133937469297,1.471686809,0.994979857,1.233333333
-88873.0527672783,-30960.805138691212,27498.598653675497,-18527.619896110704,-26734.772618702267,-18422.181059832124,-3548.784821623565,318.55676531712584,-182.13860312072114,-54.36017950993469,7.344465339909342,-22.210764803022595,-6.745630883382242,12.540413666338567,-16.826413350908762,7.878172892982955,-0.05568523737034185,2.908917544678931,-1.0934492221351046,0.6522258722166115,5.609839887034513,2.535804889,2.019750667,2.277777778
-181960.25102534876,-4327.7074058726585,29675.37096695829,-17322.89758345562,-15928.722161634976,14362.21818742752,7875.086381472122,666.2145851141247,526.3631776567069,-150.00112831301186,-23.52656208866336,-7.473849431890094,95.06169608258686,-42.246501400012235,-64.35989354011987,-0.13742528989970337,-27.636020898998577,48.466216957692595,-57.06786518354641,-38.98832659211959,42.583006360488035,1.91045444,1.503338664,1.706896552
-226955.4181620552,13200.058313847892,27993.982409483062,15770.414877283485,10973.793713671397,11614.647494110355,13680.870493587547,748.716946413455,542.8368188536741,113.30128375548512,-31.774987553337343,-46.412162492619416,-25.79948895264635,-0.603102127858796,-32.588826904098596,-7.442248622353984,-13.317253865146757,-16.367464905692785,32.39338651375691,-10.571161375813828,-3.843397546164549,1.945329132,1.488004202,1.716666667
-156881.11424114957,-27348.84334294111,15694.266962925374,5070.044630971289,129.14398535983824,-75.65964162096871,6747.042246044463,-461.20325726760086,-64.9451693206779,-9.416523349762588,14.450566930438407,7.505541637171281,-5.7521806887633335,-3.0383921382399577,1.0069667119163113,-12.625854146603716,-1.3805470228393388,3.821239341680393,0.5993891701668551,-1.1939236972554474,4.697519842120348,3.432505962,2.867494038,3.15
51809.71371273875,-9921.899265425916,-35785.163221922376,-7061.455555444088,687.2164349693575,-2388.2254225581514,-12668.329366012746,274.9564062879673,-20.814828111427904,-35.92463609894508,-14.69237185747528,1.2317874531604993,13.320668194089402,6.321199326137789,3.18574377534229,7.218843582089563,1.8191013420027389,1.127466853872393,-1.3977069158605646,3.849042305840438,-0.7257650334771295,4.672867535,4.18920143,4.431034483
-42560.937268668175,-17115.224246642065,9567.332444191377,-1471.200548772525,36337.38242754144,-14297.313313972421,-11842.383212629784,246.01546255339508,-131.62018838316385,-41.15683597626658,-59.86589579119833,7.933219685065823,-6.131089843125533,6.914932293840565,-18.874504887824507,11.83375278191013,-3.876590287950815,-2.398230278810175,2.961804605616261,0.677939010623892,11.343411140647017,2.55951845,1.976195836,2.267857143
99683.4376010912,-42300.4237268211,14245.533031397641,60981.89587161516,-21091.36779595786,2400.0642295577472,-19193.186418991256,181.43319893848422,86.29455626979659,102.26950366158304,51.310039701775054,114.28897737844872,50.37330775632285,-62.58948245624814,-42.74308541007475,85.96701984356106,64.59479332524697,-66.17292687593515,-27.12330312391221,-53.96873081718341,-15.770121185536171,2.241733096,1.758266904,2.0
389387.71817667887,-36882.769699181525,2743.703403529563,617.6026820572341,1137.4002894430223,8230.064661039203,9411.703603527203,-260.16611749855485,129.57780061539918,50.3878782724282,-11.283432210377761,1.7831590855158592,-8.229960988144501,-2.8307865997490604,4.612609007286291,-4.315444433792193,0.6213586472703501,2.822871164579271,4.633077308117206,-3.077059741500461,2.4315340981486115,4.766305092,4.305123479,4.535714286
-13707.4970433806,58250.55172447375,20111.226174822707,-697.5644623934511,-443.36535287904246,8291.012199421597,-10305.11179628352,-537.8525022173245,54.36201876274468,149.38401359018184,-3.4646592305280026,-20.044242491648294,-40.72775998387284,34.0307472321658,-42.101040287566974,-0.43900728786560056,15.440279725436302,29.78866295019028,-27.23828469180824,16.464678550884326,-17.766440925530503,1.467294188,1.153395467,1.310344828
-78041.96969912779,8500.943727850516,-33760.376838680146,-6354.4320480041,1257.3884957060163,-3695.594322229976,-4991.557092448908,-624.474419429788,-16.428704124510062,5.118838277751992,20.28579099470474,-8.672722239681478,8.689323901278767,-9.84680291185035,11.432395055264022,-5.71440073589386,9.81408539399799,-1.5003681114418679,-2.679119198053708,4.919734903545438,-3.831491337390921,3.991799552,3.401057591,3.696428571
-163371.80213962466,21798.278434606258,-32194.503462540375,-5952.868097631023,1586.6057813299817,-4125.138040600311,871.0962610537674,451.0334297430379,-224.60216985844198,16.980331654659917,22.735868116477274,7.320282865195778,9.838497446707274,-8.30283821296539,15.385084397224674,3.628361123948133,3.513620564264889,0.8087701778978641,-5.154072102825622,3.7225953450734814,-5.901400188586169,3.421011653,2.986395754,3.203703704
55361.81448633424,-18609.865335226867,-18114.74105412218,-3116.6409263816645,627.5918344014683,-269.33228895958155,-5210.636978189116,-599.9470632967045,-29.369528829877417,-47.76297469349001,-17.360966586908077,-4.262266838558944,6.536593368940149,4.3086044738410525,-0.7209344564163136,0.5022392848910524,3.188667193583546,-1.47681327571143,2.742907270208972,0.9793656210910319,4.135652763196137,4.442228583,3.928141788,4.185185185
114604.64662449258,58966.83185320678,52643.44926337233,3496.8320399752415,-2004.5538497801135,15343.315015131871,-18164.491412938896,424.23679734434415,-269.1808981501595,-24.508511647573144,-10.130986180024587,-36.61945106113305,-15.810474563668079,-34.21179679739637,14.79580349394688,-35.90889914549466,70.01539222577323,-28.921959107543987,16.386262027751492,-22.12587422981667,-35.154916313028174,1.294254321,1.050573265,1.172413793
-213707.64668739543,-2212.9749811134834,25044.849854822154,-3553.0286881064876,-9634.63454250089,-6831.152886313817,17898.340631330768,-303.19466752362143,-99.33587148500915,-6.245377766085468,-15.154132795115999,-8.535534701904599,-6.667799492629792,-6.899456872645294,-5.047166050665892,10.44611353653143,18.010490446258558,20.334458585067946,-13.137612001270762,-5.10792524359785,21.974321084471285,2.576073139,2.123926861,2.35
650895.8927554617,9791.13917385722,-21798.10038505516,-6011.289906150198,4101.7122846674265,12190.475770454976,26349.654996956127,117.9494348056586,134.2340977140954,7.278243159589947,27.485833903374093,-24.157694098256588,10.229552322619481,-16.65309445737463,12.681795368678005,4.563910793800101,4.153198996132327,-4.572745397890518,3.0627876249683252,-0.6490315955686198,3.7286036542847336,4.804087,4.368326794,4.586206897
-190899.24390901672,610.2798563106379,1825.2229904365513,1789.7435154975813,1099.5449269985438,-938.6065054823798,11692.763481913975,-374.4202959387573,-13.66597693079272,-20.57704955830638,-3.548500288606173,5.221298931079952,-2.2508078976287766,-8.796475375818282,10.588666555449734,-9.526729680500926,10.432983982853003,-4.432458139025764,6.258056170178196,-4.426202415209965,-1.1904628975905092,3.257015236,2.742984764,3.0
99947.85623601121,13076.836433398914,63898.76644908671,-50461.5509286674,16799.14782965933,15900.855407634843,-11692.128188458613,-489.3601923962571,189.80979370734025,24.109798646954516,1.809920944701982,50.73638548202392,173.87783563952806,-30.085176587208867,21.493693409859645,-40.10918761568471,-20.06644167007043,31.89964290602236,-8.081828243326528,-13.202192709530381,-19.011270190686027,1.284138137,1.015861863,1.15
-112286.88048184245,-10143.051270091468,28099.82568646006,40923.78622585466,22708.151623864494,-13738.455208474845,-13930.237848379697,223.1353245042365,703.6857017222112,-142.79002185996674,-67.54557592806954,-69.34944826414502,-33.05879130842359,-48.62354367492378,93.8288062663181,41.75302699664623,-77.3860944789283,-8.747820892936527,-44.987038635959784,7.195585108866686,-20.488369956192912,1.786571514,1.313428486,1.55
-5312.977245128211,36831.28296211334,65310.31231060727,6853.463406549948,-3371.6306180582483,13688.685519196413,-25364.605778043173,257.54728074937793,-351.0104655504033,17.594108947259922,-19.142944122943142,-46.73439266486531,65.97182157521794,62.92335669829956,111.09226378666125,-21.620219232972072,15.100757668785747,-23.846587829596853,39.31777807143742,-29.582373834315813,40.57578773318238,1.442300703,1.057699297,1.25
-48589.14047019041,-48122.91316287426,12805.278004868334,4261.9731455244455,-668.799203079516,578.9998940271405,-3466.478848527387,-610.4194372244127,-43.993353443965134,-46.76478027879119,-13.365235243318322,4.85262791207938,-7.184717712542867,9.390005753880274,-7.83811974448937,-6.674207515362257,-2.117909710823407,0.5824088431263497,3.470559855617107,1.2816085141948028,5.891994347295298,3.799760206,3.165757036,3.482758621
-170157.8720019976,-15009.352833637211,24267.122355163043,3818.473246655815,23867.429968743334,-8942.57640137248,3805.3939225301283,479.75997759256643,-147.18345798973004,16.79502655266658,1.773900979412462,0.806435527582726,-12.859875026628782,1.6589039098895466,-9.037073523530978,-1.4049221954638225,-1.1440854139849703,-12.920733079831164,1.8761653773604792,11.747043023648683,23.20561765568876,2.790403103,2.276263564,2.533333333
-102559.46708534393,-3239.4872116972742,-17240.127911683252,-2545.701576044524,900.2663419016164,-2439.4977114883613,-882.9946881074187,-568.3023886753092,-115.81654096374561,11.456193428606781,-53.28410665101903,15.250999293432836,1.8531806892449523,-1.8224290270844796,7.0476533176477,1.4162836727519097,5.861716837948088,2.8745495223897675,2.121487522798484,-6.442822655323716,-2.8387477075714993,3.857237033,3.384142278,3.620689655
-51096.59293513658,-48395.26188262504,12707.192109726991,4250.24513772012,-695.5568690291789,503.4697267259078,-3765.1165634505546,-611.5220657153143,149.4076334822055,-65.57867679369497,5.661759272339796,-1.437669931338856,-4.827522592264726,1.9263013790156414,-8.167762564521917,-6.536312624643229,1.982985548576648,-2.0739821915949816,4.47508294957241,7.089577371950762,4.943130544909794,2.501572021,1.9811866,2.24137931
-166880.5504235905,30994.275163915012,-30775.68262241431,9759.988005768895,-3638.3243674528753,-3951.880762573997,112.26104296436874,-554.1667178054745,-183.44116164326533,39.91476273594593,13.680846266969981,-22.04339603647869,11.934381577794051,-16.674210434824634,-5.217262527647578,-21.661481931372876,-14.838502485127172,6.3204800081407075,15.442718957033401,2.430853389663563,-21.284713464183888,3.523768328,2.976231672,3.25
356237.2765391953,-8646.435842461933,22395.155366063253,-2283.4749004130044,55927.04339150623,-12311.98919369624,2476.9663424292225,-397.74948676036024,-6.625599375354488,-27.837099194923894,-1.713348208276133,-7.8177668032783005,5.973713814078381,16.233770546318997,-8.63008278820524,7.732638856017684,-4.010717721345411,8.519049584971432,16.887984813427444,-19.54933178457103,-15.578883926669945,2.486585659,1.977700056,2.232142857
232965.87574050628,-62995.375019954474,13937.367352880068,3801.292839920892,-616.2979909428163,5462.143193898255,-2116.3755692940244,-508.7871308149702,150.85921173558935,74.66621720153321,-2.8944369052074155,10.625348314838092,-16.550771618561765,3.0002178903196426,-0.5251480404858,-13.677414074222838,-3.0437312268482426,6.80344727921888,3.839561132553238,-0.9024518981590729,0.608344510949168,4.400800178,3.806096374,4.103448276
-168440.55533593748,30823.2641282372,-30836.41821706161,9753.126734752177,-3655.483619829039,-4003.154267648897,-89.6864399601145,443.74161935345717,-82.6542610844206,29.7357198108576,16.53527381646924,-22.308146620307767,11.91019337170149,-14.20770710049631,-0.9182229220166128,-15.64955725596893,-13.625738746808725,6.458958726610904,12.38005195483884,5.038554362019386,-27.491451835314145,3.231543121,2.732742593,2.982142857
-102390.91582858283,-3222.1749644417955,-17231.886545485493,-2544.516566664332,902.0519087972226,-2434.293194897349,-862.1220952382217,-568.4231990693213,-138.60156649996918,11.345060907812679,-13.347221984750753,7.657745941234884,2.2911075927791984,-4.514147936592154,7.752911286962308,-2.4041924474116474,4.690566284193023,1.0716358265280514,0.052229980123916935,-1.756690518050596,-0.9712202812083318,3.909399125,3.469911219,3.689655172
-127985.57156894442,-15127.138577142414,-656.6106217214652,1280.329422398712,532.6657443545429,-1198.8855344215035,3154.1003211168745,-506.7110239315728,57.70408613510737,-15.721650148504057,-12.306497775918212,12.354717011840323,-9.33108473691346,-2.548443908154926,8.303256731653706,-12.959351499666948,14.05569773943874,0.20293565892113444,-1.5165588564526726,-2.733764448314501,-6.50533915897808,3.653463529,3.070674402,3.362068966
-141838.9461810083,-2659.54925588909,9373.372055569012,-13444.599378968389,-16246.947087981296,-13151.170178825698,4536.232884230099,472.7332716044373,-126.40015484435051,4.393714898742223,-3.3234004069817837,-1.2252766634291483,-8.157478343793148,1.0521267474441944,1.583380519255176,19.52892508721025,8.027353849887593,12.255763724635205,-7.5644271280674324,-8.584049482116288,12.232692837130086,2.637035504,2.190550702,2.413793103
-161907.17682255668,21920.515098350665,-32060.32146225433,-5929.498555177313,1602.2108530741289,-4067.5121882091657,1090.9575456870364,-543.5168021585167,-200.02599864923718,16.436118130728687,-0.6175634234063045,6.239379474644198,8.187626458418578,-11.821647124955323,14.095436758517854,-1.1192978653197139,7.516268154200365,-0.3457014737563039,-2.259465502555642,-1.1127424736180873,-3.566463160923548,3.460340236,2.987935627,3.224137931
-156359.61151131245,-27291.713320726725,15718.158086639165,5072.757504564683,134.52922290994425,-58.97966704035569,6808.1250649650065,-456.5535438204542,70.8603791868753,-20.99965212748706,-3.446704902848098,-2.3617050542736844,-6.660884666064739,-4.926129663829049,2.5279283896462172,-11.648669171881895,6.774278613780965,-0.18937210409723615,1.9109604020521398,0.7677252125170227,-1.2696740783059954,3.636244181,3.018928233,3.327586207
-53392.24618411106,-18012.32084837702,11421.450224731829,-22287.368028364377,-26262.639508329175,-19340.516014075765,-6372.142721579476,313.12896301751266,947.8735154536942,-175.99399779833533,214.5161861188641,-52.98816322779779,20.746451902387623,-29.65201243302713,-12.84773355022049,-27.613075789293944,20.77367939988862,-18.618734960746092,-2.4731159725539706,70.27317910218876,1.6182748805798806,1.868626477,1.476201109,1.672413793
-178608.7109796472,11062.66345578486,-15284.68160668845,-2097.13589001942,1327.5456114845153,-2583.953693296466,6084.385032159497,531.2696258469122,-233.410259856055,9.170634731166112,9.635572454758545,14.663916262995988,5.614925551241455,-6.10748110072589,11.972012294078267,3.3466792283860776,1.2117901136539257,2.2858270671466934,-3.3751618249218023,1.0407067340970055,-3.404516727151053,3.430356437,3.002976896,3.216666667
-178650.871979568,11062.867833753988,-15292.766710480037,-2099.0966993446914,1327.0400452686035,-2585.5816109624666,6075.260097747334,533.9472399839804,-119.90762395149997,1.0266131455101561,-29.551542192323424,14.103338372670978,5.87335885858162,-5.903912153991494,14.218897762367313,4.626974084671334,6.140794659546596,2.7080725508971355,0.2933216513934728,-2.0789141671815714,-6.212099380859918,3.348464581,2.85843197,3.103448276
36943.09035456146,3017.010044151181,-15034.83373770226,35594.7939008437,-12361.328100781167,-153.87096373425203,-8241.56276720976,-641.197635923259,-76.31618241298744,-39.3041737758895,-15.472178913266443,-22.178243924223327,4.590098154205958,10.837231066513244,-14.1594916090906,-8.50708525550207,-5.873681113348766,16.915138975143286,2.370025856018735,3.8933684252959253,3.3558922471018673,2.646890722,2.056812981,2.351851852
-199001.3953729739,7083.478348273326,4253.352899395646,-3001.6457299086396,1536.1411062194688,15509.460153442365,11386.99705747211,-282.00643815196383,592.7121661488914,-111.66428576436205,-10.000387538077064,-38.067430364745086,-0.8772830167422729,1.5371016853891066,-20.049198474099114,8.547785222767951,7.21929582397126,-22.891076541361727,2.1213074041388134,-15.068828925775803,-10.593847537495707,1.362669765,1.137330235,1.25
-111800.11377080974,-4246.227563052409,-17617.12971499684,-2589.8765208455397,801.9620125546454,-2726.2872687401814,-1995.7596943553215,408.0176108533184,-161.89575627197925,15.662825153632873,-31.37743780422042,20.445702170839397,2.4300801738808366,2.2680465272259185,9.516185889405248,5.444574416240941,0.6112599543495395,4.398728606012085,-0.03309198829014843,-2.5599270331011112,-4.120586144959589,3.91045444,3.503338664,3.706896552
-163813.6276533675,21749.166463269514,-32209.156319098987,-5954.380185908394,1581.8663141067107,-4138.081483599835,819.2645207411466,450.8896051334763,-176.2964373864361,9.546024007457886,8.846636640397373,33.53076687022666,-4.964079992481251,-1.445486371607331,38.30842535086391,7.187193608508798,-14.089596213334211,-3.5552551007052697,-12.3617124664067,-12.725590309268963,-6.315541272688253,3.551922047,3.103250367,3.327586207
-182427.4743251622,17999.632582844508,-12689.932056567754,-6868.314591549706,1810.6077569309953,13996.505640981599,6308.239272199372,-379.3909253366442,-194.80993772405353,-28.110785895115065,-4.2662247852608,-14.390402279382755,-0.2609252715797646,8.965992980852361,-22.327630470181617,21.560123651498458,-5.574956700043981,-19.973461096799266,-5.800911714046147,-14.663130921624527,-8.097195182182299,3.014959093,2.449326621,2.732142857
10851.304938334322,-32573.86198143435,-2312.847091990501,617.0863973911645,58.21477679550676,387.23977422175045,-3437.5103084115735,-587.5409548578456,-37.54386663359247,-46.809828853132075,-56.85039718249483,8.351547933012956,-0.9042240576649129,8.367664515879033,-4.412911821518952,1.326777592512873,1.6531957999251714,1.5393029788601758,6.070140793768001,-4.729397057435189,4.692171662824375,4.452997027,3.975574401,4.214285714
176344.484468376,-1831.1631625814914,41623.89831047294,27684.468121692655,-58461.08654787961,-21728.64033368221,-2952.3000312618624,-605.6545502708001,-345.61195448944534,-35.080505579585434,-29.121506915520193,-71.15008264475625,17.158577531717114,5.732864059563264,-20.475553527890554,9.15681669092463,-2.106036870385289,-5.919420218147807,-3.717469508495097,4.384669632521905,11.301653760984966,1.965763382,1.498522332,1.732142857
-76506.38212192195,-51165.011452663006,11674.953404730377,4129.478498068236,-964.848168937259,-277.4175530645253,-6792.992139838106,322.859339817087,-67.49557350856135,-38.72505582246429,-9.027123284324029,13.320662660197172,-6.475838230020777,15.775363278257851,-6.56403730571588,-1.7152933099994627,-6.109531821109608,3.2303386464107517,1.3920128795242024,3.5666060247850235,2.85318170732023,3.849214939,3.150785061,3.5
185503.72194779868,66690.7337763529,55513.50537891801,3833.9116736573856,-1253.4162644200733,17511.58352215826,-9740.315514383605,-411.29255613590783,-248.72464944596047,-50.76560280514701,-12.577857570177429,110.28323369633551,0.2714974416500505,-66.17603085433846,-0.26431151699396427,94.24955261112153,-17.273282070617,49.965887441989416,83.95386606926465,58.690381492995584,0.48104314436873363,1.26447695,1.068856384,1.166666667
-26576.707464700845,-36651.4509216058,-3828.9450625183163,439.16115583097354,-338.51753964349484,-759.5435675295579,-7892.0704117364085,323.57975123109316,-59.15125425903124,-37.16111907810829,-42.45581925514734,15.022663388905837,-1.0152230752149476,14.308533748920464,-3.147734369006459,5.038030740909964,-3.033963065310524,3.824764835466049,3.0229387599847337,-0.5973231583549343,1.6407075761520475,4.225768921,3.636300045,3.931034483
-155985.79360999214,-27251.663447120634,15728.837560404765,5074.202109515572,138.71971717694612,-48.81993661495857,6853.808260112932,-461.3674304203523,-156.2761783015533,-1.6974391359768215,19.257780386626187,8.573076546501273,-8.89003499005309,-1.8454907420407438,0.7011052956609495,-10.29331746017446,-1.0176649055376699,0.3312347711952957,0.10173524437801464,1.381876211953226,2.1767887035364972,3.653463529,3.070674402,3.362068966
-155979.93954931025,-27251.677865099668,15730.910987405176,5074.57504912909,138.75146089483744,-48.355100173718675,6854.922636003872,-460.7731197345592,-133.47158156801805,-3.4777623337604107,14.27866941392795,7.903233115522522,-8.590029785495831,-2.1265991474143178,0.8924152076953294,-10.172246697754671,-0.14691774269295468,0.4351487669226301,0.3937242153932191,0.9405738342793758,1.7853407681410138,3.462234023,3.020524597,3.24137931
-191915.69020242433,27885.889161593816,-8528.711275312311,12819.668571447863,11036.56799441566,-8036.713640642473,3312.80134662767,511.205500833611,784.4122641414718,-74.77838268625229,-26.132624928343436,-33.04750221950746,4.929514189130445,-3.917340916448777,-6.278202462271982,-35.185151484985944,9.355576672489331,-30.588360283161325,45.78452104198418,20.773062991522337,30.794644492599534,2.518109498,1.948557169,2.233333333
10855.216251975808,-32573.6709334834,-2311.673330918924,617.264188312585,58.22127817426842,387.53264407884194,-3436.9545351888846,-586.9416354045468,-14.764742345424839,-50.1431364461959,-33.387024309202985,2.0004464163122053,-0.550362363438816,7.051865759501115,-4.365119462136487,-1.2224072092881593,1.7887940899790964,0.2172350217091244,4.653331259511706,-1.1366257055220086,4.770983944425698,4.371789143,3.869590168,4.120689655
-196930.49038238905,7262.109974575332,4406.180802818685,-2973.7771147003086,1557.8801195255298,15573.846834168995,11654.291105016286,703.4718964310869,-172.17550267708376,-40.779197726433594,-9.78261357172577,-10.421676837364908,-4.272231544330257,15.93626625310398,-21.8840341983919,23.81017198654956,-15.307173931998332,-13.5462276554411,-4.190914730879069,-15.73651794571967,-9.188674136026723,3.107115012,2.596588692,2.851851852
-140977.37820977552,32090.968421830767,5377.403919443731,-26187.681426883017,8561.591152926207,3142.0630952811543,-2875.586031818443,498.4687083615287,447.0985444576339,80.43222086298864,-1.796876159085817,9.899178666113698,-35.99619957252516,4.59957085637938,-20.025310514221694,33.651270491992506,21.004605031781484,-14.400755802417814,40.488165979083306,-26.803240343566,48.714886892999665,1.552327478,1.206293212,1.379310345
11221.217982545984,-23418.306746472168,-19902.251126885847,-3326.530800993996,159.77083719243564,-1620.833650185098,-10461.462036047244,296.3371252789596,-17.20666942782621,-38.49128430521902,-20.878016327362335,4.087917052510945,6.214268871414543,10.190099787312192,0.44685601335215924,5.2413212816336925,0.31692398721772785,1.5952833219099172,0.8674560519468637,3.092368570618089,0.209546290434448,4.549695967,4.021732605,4.285714286
-177014.21774425736,11238.411006795239,-15221.578181771847,-2090.224960978136,1344.9592285204224,-2531.1495112673824,6289.241279489775,-463.73774862989154,-220.65316190471987,9.400493941077906,0.43764424877532465,7.484072829884824,4.031137511609925,-9.46929028930858,11.404200189218304,-2.3828609112825787,5.394471536650981,-0.023839544944434698,-0.5113586321752431,-1.5745614583156287,-1.2415415441376931,3.373239619,2.937105209,3.155172414
-154254.64509202196,25077.723181467838,20528.219157761152,10455.160721404985,-808.8603531032728,-21532.98062312004,995.9787941442107,-562.7196660404048,650.9751101682643,139.82773591267457,-34.89044585323866,-27.06404676807802,16.75410304436523,-18.517716604261093,3.7829273102805154,-5.362983573623652,0.8365008358583518,28.306112109617857,-8.589785875227378,-2.587685258688423,17.56450256746453,1.765816215,1.400850451,1.583333333
-96939.31772145306,20225.548858060993,-25415.291051915046,-7637.81817014956,24937.63968180306,-12734.038978059716,-8601.381425464519,303.9252005593184,-71.65183880462034,28.301501607937496,37.5210751058099,9.212141825961933,20.61413097879253,-2.1921194638369332,-8.179324405020816,-13.100149828711377,-15.626023879386622,-5.791754061641848,-13.158175295566156,-0.9712754894039342,40.364235642104404,3.809449298,3.362964496,3.586206897
-133621.51855550057,-15741.948813768557,-886.0939702986598,1253.6319354796717,472.5159351928182,-1375.4164908714413,2469.2637255967347,478.25061528675093,22.360107035146395,-9.53291318762621,-26.421878748843216,13.603956695978374,-3.6819620956670476,1.9349467104467473,7.034787984718359,-0.836839010079056,3.0748209803467477,4.47452473693387,1.2227727589840462,-0.9383597007883093,-4.4401021340146745,3.574117983,3.046571672,3.310344828
-180571.34847091264,45568.32806151504,-21891.498100982666,-4222.671994411778,-13673.69487038937,5131.278872554628,839.6712968923445,-468.7272357376707,404.9567115066566,155.1219684537837,17.288082054117247,15.045685799313105,-7.062485155801213,4.832654429892399,-33.505095856386205,3.5747289338561936,-14.518809199309102,26.504124236354265,3.8252463152325205,-11.87641479125308,-28.994256635494242,1.592996662,1.240336671,1.416666667
-191340.0318144106,559.1394542236012,1805.0459619369137,1788.143238786758,1094.5804266482037,-957.365105122668,11626.385005417229,617.5807102739608,-255.20831347198558,1.1243249756601739,12.745801512889111,15.793789240883589,-1.1357303719229104,-3.3598807358245733,9.170414626367124,1.5707691940297097,-2.14003448576758,1.3031636409910827,-1.1446240200918127,1.0177594624285629,-1.9512202416672018,3.46412956,2.93587044,3.2
39461.2815559765,-2386.850800715887,-12023.367783601196,-14807.112479392974,1732.4989812934336,40039.97942464461,-5534.497320892205,-408.5692773802154,-286.2650253319008,-62.294839122863976,18.792488489319002,-27.428693493190124,-1.7111497546808225,-2.433005201314355,-16.476604545198416,10.584551223109724,3.9967138206292745,-5.297878618870414,0.515231852325545,-1.4716297807502343,11.027685052052208,3.09915415,2.442512516,2.770833333
-186353.74250343916,17582.125847963485,-12842.859811632736,-6888.575992449875,1768.0394627315611,13880.584254546075,5831.029140736818,-365.3723178354522,804.2978435906689,-124.9750124796404,-22.298462313498845,38.11924997584143,-8.58350696601715,34.19452657192622,24.401561133389993,16.640799723104312,-28.303965100736384,-32.13789105553256,-16.05626565702355,-24.1598220617086,-25.65520817896017,1.529546306,1.23712036,1.383333333
-88033.83864729258,7413.186502286838,-34170.77181432813,-6402.68141619538,1151.2144101682723,-4005.810390902134,-6193.797922582735,348.62382648479127,-119.69224456779784,16.88882456510689,6.776720396574341,6.070825766857874,8.840695767342195,-3.2868426844099057,12.382872927479074,3.5710644049661138,3.790809687773673,2.122142769179884,-3.8274893968545807,3.8311569702125956,-5.891427275915,4.041123384,3.392209949,3.716666667
26676.551301628813,71718.91671086676,4229.979698130389,-4431.085218515059,81.87415521887107,7518.307150781838,-12531.620564008577,-560.8426227412458,-2.5689546825926257,151.09372210981442,30.297581297874473,4.958244208343581,-55.40921495905822,-0.44910473830288217,2.443292621256713,-17.0934768380775,-9.668512875933342,15.23574776272075,-15.943703913772701,-3.523346443752329,8.500212272824694,1.56564417,1.167689163,1.366666667
-54213.74295760128,53834.44607606884,18474.847840286548,-889.0566471085511,-872.7520085996996,7050.514577257611,-15123.363319398213,365.1106000010552,-40.320689481050415,170.48956019545005,-0.3890221772995042,-53.10132596992563,-26.57892497673952,-15.047338357428282,-22.233783627221566,-16.469238308056923,12.165313247566852,20.022236029142793,-9.334908579548122,1.160250990105898,-0.06130108361282789,1.387269538,1.079397128,1.233333333
194960.65869782015,76837.82761683427,38291.31280587715,-67.05957369878364,-1055.8447228232633,15781.142624203449,-15690.021481197942,498.6349596521527,-111.40589666622166,-52.810360171574544,-3.332138256107259,-5.508299310601973,-44.39853363534616,-11.719498233790302,45.96635280135653,-44.47432527560667,23.458673437225954,-24.55102083928597,-18.54542660927757,-22.22975385558993,-0.6463469429218055,1.543937516,1.222729151,1.383333333
-182389.0150235474,45316.29406605454,-22849.537328776576,4182.857420048136,11739.308752690948,6948.16186691508,-2120.7380121329866,502.043580090858,478.6365805037029,139.2154204221217,21.07703097142673,29.93155466809498,13.509055452547418,25.618147937901238,-41.32191482563416,-30.8142967575173,-67.61307646992091,-14.725427482118153,11.119668733899486,-28.269440333558716,14.234826363671022,1.868626477,1.476201109,1.672413793
-49001.25318178599,-48167.3897114583,12787.790589645303,4259.833315191705,-673.1571690427136,566.3248469990681,-3515.661438725815,-611.4324764486859,-44.63990680090544,-46.94162178755557,-9.787047487496306,6.176204421464292,-6.933411180231786,11.012630021556973,-8.031941775985379,-6.734828480873765,-3.3424081937551566,1.1539461454921305,5.149723093537533,-0.790367381137022,5.794291798080939,3.453428328,2.925882017,3.189655172
-209904.49442154283,-10536.71768997794,18576.19726396461,5627.119760526367,800.2962380498146,481.82187302011863,16443.371874304863,690.3004933981091,-252.69908015486905,-9.160485219162991,29.135326899369304,16.852588027855344,-7.4553272227726195,-3.8356664651868617,9.039537889073213,-0.222176359350826,-8.121745692750732,2.0033204067049857,-0.8585300490116975,3.7381983972047843,-1.286602841181176,3.16710629,2.73289371,2.95
344064.3178804672,22136.996948820397,46198.86596276608,-36004.34865211558,17609.995609033136,-39153.562835179415,8098.21992400019,-394.5488648274111,-434.3976439723645,-80.65005294260253,-42.20017105173865,-51.13545270179877,-7.420635353672867,-10.302441336750498,-37.27141507143629,7.884804997534225,8.22866547264774,-17.86740874780022,17.836287354391715,-22.587468526553227,-30.003457126741004,3.075559963,2.385978499,2.730769231
-192550.92346794272,23579.674079202636,40949.448372210194,6588.300698339232,-487.98546442774773,6038.490379119917,4384.1466816233615,-394.05102022231273,262.8789168471543,277.6810013926877,-1.218181794809161,-53.705258738489476,59.058953057641276,43.15880074027632,21.548260747789698,12.934627370249755,6.400591366263396,-5.212158914835437,15.047924256281169,3.3851661629098606,-11.632076191149185,1.770033908,1.363299425,1.566666667
-172152.59757377705,37771.62475971997,-28242.299657277094,4981.912067223288,-3171.1217401204854,12579.303577309476,147.06855135241457,-472.10399033601897,-259.5132596829567,12.989798891129706,10.149302614316031,-40.55607976209329,9.355558966323512,7.003358695890985,-40.19072088433352,2.8598788873025884,-32.082653678502965,-7.245389021181656,8.847736807336284,-7.099518275920176,-26.633833379002464,2.137035504,1.690550702,1.913793103
9555.796908238688,-23600.7248026874,-19966.818868023078,-3333.919635185694,142.07985765946202,-1671.243665571379,-10658.285895662597,293.3106317418448,17.404384656999863,-43.295021235086864,8.062354548546583,2.5863358123516305,6.584745678995588,9.359132065284593,-0.40085720309471046,1.9055213389716115,-2.7339986707183908,1.7899025377414932,0.5873721020146936,5.165552694448036,1.8378123393856352,3.431346944,2.747224484,3.089285714
-162126.5982593339,-27921.84120033733,15479.956809282015,5045.304908306045,73.20762136646678,-240.60131910047969,6109.353650858691,522.7156068744131,-180.75007203462224,1.9207608381855719,4.035116311421819,19.612854483333386,-7.874316817611564,4.631629875835753,2.5877480334095675,-2.4532328252459585,-4.795232119934018,3.484279365059951,0.019989469212834923,0.9880220135172254,-0.7296899991952335,3.380332715,2.964494871,3.172413793
-161757.64749986146,21975.321307286824,-32128.94291774712,-5945.4909453690825,1604.2225568107974,-4071.531218225991,1078.9381302969234,-543.9212534583735,-211.25191830822254,17.87460057100419,-3.2239601381556455,5.462227947725312,8.879786839567313,-12.304345004854413,14.014776911529502,-0.3071869246272975,7.880526278138385,-0.21739108758029227,-2.2560210113060295,-1.436548728209793,-3.5142572870059543,3.312221095,2.887778905,3.1
102995.09709901223,-4346.599785654564,-33710.42896957834,-6817.721536321496,1229.5585895463278,-821.3302906862942,-6582.007430679906,-603.7399893892339,12.769232338391392,-51.511867482452054,-9.856188072266063,-8.825303017352121,12.207245785856198,0.20590657585818792,2.665077351854055,2.7802930782059567,5.550647156952324,-3.3635344180754476,1.988201476113876,1.0275000865927915,3.027439277221344,3.658971212,3.055314503,3.357142857
-169722.03455831655,-13433.490739747675,17659.610353133274,30159.94897278609,-8302.286396112555,-32.45919688273014,4641.716924840803,504.70555039468763,-264.18882992617637,36.938042472541156,7.42835741251109,-15.064522444994907,-1.965719705091581,-0.6039283976548495,-11.87459835167401,-15.247482877473962,-19.371922830823447,11.372567597696523,9.065495391444873,5.11012771887107,-11.80295634821001,3.12457995,2.57542005,2.85
-208656.10983661877,-10399.087565069098,18626.08882136662,5632.565155429728,814.044566009579,524.1586296294875,16607.519646497258,-305.51084867787966,-240.42475408897664,-7.818744286623841,9.840421451978104,12.025058668384919,-6.193976967224314,-6.581828864196602,4.925534514577717,-7.39349566208435,-0.4773295542470801,-0.013569179104199138,1.8263037888851454,-1.7667513665184766,1.8166830217998486,3.109396031,2.640603969,2.875
309437.3201853756,89263.16899558672,43007.21173215102,496.286821425206,156.34319356177403,19288.127176015565,-2063.1333151754775,-239.13091335138307,-297.393401547661,-72.4841237469616,25.290548286064325,150.35766157192924,-19.57949019719157,37.17824602357558,-5.553230479114756,-47.0523126296756,-15.332264358600625,-30.500426444804276,-51.2834851123266,48.95986092090501,-8.526327738449773,1.377270849,1.056062484,1.216666667
246964.03748858158,-52400.0088706577,-3015.741064149947,-58.345234616502125,-370.88246000031745,3879.5232772080853,-7489.6973298542625,405.9954000380112,112.79501346876646,85.64313361172168,19.134351408702468,10.821908201473647,-11.27735414669206,6.254652223260748,4.959967776704583,-6.341402312036117,-3.9347661772596423,6.637152591278909,-1.0899427061661855,5.307605513273278,-2.301950618758924,4.518530885,4.014802449,4.266666667
519840.3157679632,-13560.844450099083,-9573.809645648987,-2705.991167456307,2616.548834204849,10197.11345998549,17831.151732469185,-72.02086521728629,131.7922185124408,27.667315809847434,32.72128722212839,-16.27663590942289,1.422370083102172,-10.428743149037556,8.6336281104264,-2.1027417638786514,1.8341477054090791,-2.127078059803486,2.3154075968815184,1.6888549260100656,3.6088027245275724,4.581469014,3.989959557,4.285714286
104026.95410753018,-45195.952669479004,29712.55658577311,445.4723605477028,53158.88612357924,-18008.006136540596,-20423.068888394908,126.26330274330836,-120.0016604200122,29.724734190725503,32.399627905565914,3.208136597289549,-15.500475309907678,9.420981924601353,-31.693379631407907,-11.695495763270577,-4.269072294325742,14.071106482748151,-6.260786174288771,-1.427953014930736,-14.841169154914507,3.576319397,2.84034727,3.208333333
-56563.32933247321,26534.509733067673,29185.676392476806,14663.104679990462,-2252.0243166522773,-31809.277535131234,-9714.003747102775,-747.8210618165517,308.4371313262415,-48.80021602588623,296.73667098796767,8.919096498409512,-24.58641641155126,26.35665055591575,27.793095961332046,34.20032097496329,-25.207047503544413,15.263392858822977,17.932281910206807,-54.06286022656493,3.0946393557177996,1.400678788,1.15104535,1.275862069
7075.798715895006,-32986.1221086892,-2460.1415687300655,599.95241385994,18.062285349953047,273.0539800755045,-3884.9330358177717,-592.9240671301031,101.23571936912082,-64.1480858732261,-9.225712770220632,7.604297359948449,-5.246767862845588,5.327807641240334,2.0035872067695975,-14.395325387896316,11.929057171610184,-8.108614005192893,13.699220003145578,7.923603449451088,12.029033802025591,4.23399043,3.535240339,3.884615385
-190387.45954142045,665.1960614797048,1843.7495985844662,1792.1233377802882,1105.111349401254,-923.7206345793434,11754.647097312225,-376.94841359778485,-162.77129206196798,-6.987017152822768,9.247606013838519,6.751634170346601,-2.78644634204909,-8.480479052152674,11.374730135695595,-6.3549249210486956,2.637872548220485,-1.9301324590875286,0.20741610452815556,-2.880269114397921,-0.4009225743589038,3.249159055,2.784174278,3.016666667
11216.352421594494,-23418.28607615334,-19904.383547335914,-3326.8899592742755,159.7531986571557,-1621.330618399363,-10462.343616711458,295.4767198465766,-51.220272355328234,-36.96047647917349,7.3798170076882705,0.8976397225992174,5.912138542185019,9.829333555295042,0.09614645934795277,3.057486908640668,-1.561728471695046,0.4534318209912484,-1.0159355291805485,6.597491332300129,1.126942891436245,4.364099225,3.778757918,4.071428571
-101098.87213979202,6926.486666838994,47846.555276967374,-32033.43875251486,11236.313187071071,8964.161389948109,-5658.712009566868,-504.5003645859213,293.12344278901116,25.48909139077588,-47.13377594202062,-51.332548278741974,-45.607449871103135,-76.48650726016284,35.92803967835337,55.5204741091638,-33.18922340213726,-7.667990827668897,-27.276399801655526,21.626414698274655,-0.9559104595033208,1.424230754,1.075769246,1.25
-102740.13104542744,-3260.8968369153995,-17240.388383105084,-2545.415784541552,898.1551503639927,-2443.771138859215,-903.6443111182143,-564.947203559519,32.15753836969464,-5.411819291459297,3.9200900838852353,-4.206651600354557,3.7382159934717394,-6.285509521137359,10.894707746003606,-7.559053025624594,9.189935253216303,-2.4896004623266754,-0.987160838282622,2.004771393077452,-2.9324542151605177,3.720526178,3.246140488,3.483333333
417683.2830620288,16487.851371332254,-6916.16384970029,-40782.24172460773,-36560.34741933047,-21398.04846717243,5700.180107221405,606.5724114644958,-136.21461301768173,43.04375284078586,-13.201917098426119,-3.376415444275782,-3.7349560225881127,-5.70765584524997,4.979619094527809,6.428611269105512,-11.408644666110549,-15.661048523619243,12.126558798891043,-5.065415454509396,-13.125298368500298,3.0643401,2.528252492,2.796296296
-177088.98264742052,11232.900392403219,-15229.401396701729,-2091.6888881739023,1344.1801453917433,-2533.949006171069,6278.294552055449,-463.68408587858494,-209.25129848915256,7.879651784731998,8.589136118513009,6.817128479867627,3.753507654454329,-9.861613597360027,11.495883518584908,-3.0441362102812546,5.138999498271428,-1.2109766879786104,-1.622720199989348,-0.5062863194344254,-0.9525705974062071,3.324814232,2.847599561,3.086206897
-178537.71721144073,11070.300380615243,-15281.928159228968,-2096.792467401509,1328.3044122460053,-2581.8477796394013,6092.918508220901,531.1698491738817,-245.04798991731124,9.49905074233463,25.10961889223641,10.451269796101288,4.4413650085951515,-5.468660883670089,12.53719303232184,2.088050381714541,0.8830051076324692,1.0913343951220311,-3.465941443925252,3.222911241508697,-3.5861482853630204,3.394160216,2.89155407,3.142857143
-133309.2218459344,-391.21379098383557,1612.383581125618,26405.457462716007,-7818.673712391907,-922.0083414464964,1956.0858293161943,-521.6705930670491,-117.73281958063167,28.93544195781534,-2.9622020899056873,-31.221821616516877,4.7083442467845895,-9.466240413104364,-9.635473523237174,-20.90794378878011,-10.655369283850735,9.694986769044283,8.862309252637404,0.7663617331107916,-11.3725737208677,3.669138913,3.145675902,3.407407407
305227.3157785169,30128.48071194906,8409.690202032909,51344.89811167726,36427.102783898794,-14881.995171313132,-11829.07041924573,360.108753099995,-493.47324688182675,-25.665658197182854,20.605968272776774,-76.21881671263873,16.780713531456247,3.8207416779147123,-29.727041540464377,11.494816928805848,11.76061977266044,13.518179240158393,-33.469966878982326,10.448159468015275,5.379359685873669,3.764962853,3.028140595,3.396551724
-177783.06979999703,11158.491260562752,-15258.61205158545,-2095.3777759846475,1336.7929990081761,-2555.110322480636,6194.898005426778,-464.26067965507815,-163.3947493148622,2.9243436147646737,9.998929089405653,11.02815902357324,3.4192169852797742,-5.095445939843258,10.76732449975171,-4.8296756938785315,3.149261476871967,2.272407850642061,-1.8045227020934613,-0.8940788695277219,-2.351614273857396,2.653067263,2.154625045,2.403846154
-110981.1005496838,32011.896479448198,-28211.923480805428,11028.350826457012,-6547.449936488246,22466.145051317817,-8402.593631115402,469.487598981123,607.974165064337,-116.60766652300676,-39.75473000825748,-12.206289800311751,3.0402974188712393,13.1983521800394,-31.41196368279836,-10.057228875324798,-4.963639576294437,-18.262193081383934,23.703132583176345,-13.053988537609772,-29.02929942112792,1.513780279,1.186219721,1.35
-111511.39139821604,-4217.33192855863,-17600.554249793095,-2587.409710164411,804.9756272799726,-2716.950172121322,-1959.5593662451142,408.75765076103835,-162.29966480038078,13.016135519483475,18.678826713330892,9.324976530691835,3.00630766296932,-0.01823594795094307,9.249236977534883,0.9251107487643102,-0.2682634113833762,1.8338477619509261,-3.198392408204717,4.595491257624415,-3.31496016994127,3.884859971,3.329425744,3.607142857
103837.30728488127,-4252.593833247929,-33681.60574339118,-6814.7939609195,1238.5424890812155,-796.3321981619233,-6483.766524191369,-602.6593314206956,-22.010230175924065,-47.459111668259965,-23.316688529183438,-7.688635113282485,12.92293192664404,0.7263651080275318,2.707558776147187,3.9449186604121933,5.4061859788543805,-1.9603476970564822,1.7900485657214686,0.19309887688654132,2.5812392050962214,4.592530589,4.157469411,4.375
209985.06856173152,-33395.45212893736,37321.94436706814,-29971.373670675082,-39052.227449629776,-21706.653026981683,2175.6080496077075,-529.492480128025,-143.1055380826272,62.90453168244748,-27.841986161092144,11.012869003042804,-34.26123757219171,-12.237594421166856,-13.447865620027875,-25.133130022194145,-18.181026110724655,-54.44289338055357,-24.354049478271996,-1.0491487574672407,-18.954878023723598,3.210241176,2.419388454,2.814814815
-87866.50211970847,21410.74765730576,-23566.794347725925,-21060.931847098796,-15479.219672353038,-15519.970187952746,-3117.6138646072886,-630.2993163261789,-14.716537359850495,5.587674625027702,-12.70424181098415,1.0256972781924252,-3.0620020340006175,-7.19339513067769,7.739314518386333,12.732314325416784,24.097787078926398,7.549761518136732,0.6933272148116554,3.5789986522923836,14.943383035209921,3.165961789,2.619752497,2.892857143
507285.507179091,-14926.95738440453,-10085.79148824266,-2765.4290243396563,2483.251782052369,9808.876096505768,16337.71855141056,-97.62140785014175,293.09717911598597,17.410505203506414,0.06678815037251709,0.2538264771018196,-0.8352544785556192,-7.9830274179272465,11.4186251860113,0.981644703949456,2.3721770042275896,0.3979012806889074,7.693632494915255,-0.3271814701119134,1.5558004815017736,3.044920759,2.339694626,2.692307692
240152.04350781906,-53137.786292836856,-3295.7383288434776,-92.14336902635323,-443.10355435472076,3671.6340995826286,-8301.207190004212,393.68194123961484,262.753584655183,74.35042540209821,-18.123304488147017,17.521006091208537,-13.747821308487374,7.21491983743981,7.972313063934136,-4.662383757024249,-2.825464552133859,9.223951429278602,4.223206527649851,-0.11602563371906281,-6.242315109928255,3.469450144,2.923406999,3.196428571
435792.4334267236,85548.54065771787,20471.53843848925,14374.15793583828,-280.2058310672112,-39364.37307034319,3719.2909475120646,-390.6348111037056,302.8172132448611,-257.7042175313086,-53.874557693405954,81.0775785483961,-19.762358098911886,76.43050229865015,-25.520209703387717,-3.7040857006029486,-17.726675236954822,12.063136403877357,20.3135519609391,-22.439352265685105,-0.3576216975251915,1.363997599,1.102669068,1.233333333
-8572.136847605541,-16777.30341543857,3720.247692908871,-11071.459571657108,1125.2699902376041,40598.87201190653,-4146.316027630297,-402.21124992614597,-224.27676463505685,-71.25589094732405,35.79793425730229,-22.7698022898456,-17.92398914599696,7.452555548769597,-12.1885549905904,4.556204968585369,-2.0714573127731435,-3.702320081889404,-0.18014231001041506,2.8533887280633285,10.462606045922223,2.147725643,1.552274357,1.85
-88041.57726270013,7414.188617751018,-34175.465587755105,-6403.600322374285,1151.1998484857666,-4006.6307589795724,-6196.011654332355,347.72285414512874,-152.87340006409275,21.79875798350713,-28.433279804619758,15.627389382551783,8.303504518423871,-1.3247319250633078,12.330250621954626,7.385012363101382,3.487474567935082,4.011552702292533,-1.653300566372423,-1.563363231227445,-5.989898357355095,3.94604759,3.313211669,3.62962963
246964.02876949636,-52399.61725118409,-3015.341990119667,-58.39018601431385,-370.92783995020113,3879.7161249586343,-7490.172924953081,407.1442614159948,158.70030974667438,81.57322252491528,17.72962816079481,7.782365010221362,-10.773473379006173,5.429402825263317,5.346117703657411,-6.853460160099218,-2.405631687904666,6.417690642410297,-1.0300127843239173,5.566672688179668,-2.98855662736928,4.586922149,4.190855629,4.388888889
-210255.53414176792,-10573.705386213802,18563.332851369854,5625.318761931702,796.4318106760295,471.73915803004604,16400.22524333814,693.1914384118978,-104.4675171650687,-22.790510869130348,25.914531940443172,13.129013702722386,-5.607540179125006,-2.992181936198616,10.232814043635571,-4.83362684766821,0.37566775069818786,-0.31673663958569026,-0.8764629095424621,-2.7345774139348045,-6.325625440925827,2.624756782,2.153020996,2.388888889
35595.50249867748,11943.183511005294,-32611.76894847629,31661.354451914613,-12278.410294391488,-2204.933880340774,-15436.47801836633,239.40182623513815,-44.6721704698693,-30.1315022410463,9.432685842285169,-18.211149533333348,18.318934591522176,7.194330635202076,-2.8580569953314616,19.708945236408688,-2.081474140314018,6.498815364377639,-1.6628168010853426,-0.6985937798895233,-8.165263535214423,2.405101776,1.828231558,2.116666667
330019.0874088998,-2390.3210830347602,3730.501430413161,-6352.709710336231,55747.33795461179,-15132.12761567519,-7696.058785710163,419.2541507732185,-204.73227153459604,8.418966584867807,23.13841766930389,-28.976057765121826,-0.4600989715288692,-4.137727232828239,-21.56082298055721,5.018564956667945,7.13231388011633,5.0229916075941325,-10.359532065449848,1.7304451891669799,-12.434965802334265,4.717505416,4.282494584,4.5
-63313.49573131716,-31773.935259828966,18946.931147272935,-7422.139190755451,448.5967558676807,40924.31740470896,-3649.000264416588,-417.6062426412826,-358.19303781842666,-56.779900343003014,32.98943984980366,-27.04170846439758,-17.313928249410747,2.6404767601066252,-20.17923562113519,-4.990714439137862,-0.2988335350521109,-3.0446616349001845,1.3473324780068066,3.5373920234158347,17.030715156671427,2.970983131,2.251239091,2.611111111
-132848.5250876097,-15660.2349057857,-854.9481043546037,1257.8418659107967,480.87771531434277,-1352.482671063347,2563.5627251397354,475.28850605288153,-172.00899607440135,6.870478966279553,4.3241114359317425,15.588587530413205,-3.0343760628527394,2.439237627068732,5.711772319781033,0.3065235278501606,-2.523786895218274,2.908390956461499,-0.9959525917687386,1.902327694648122,-1.8373091180945513,3.846189416,3.296667727,3.571428571
517257.1429616266,-13840.122740007897,-9681.205460205978,-2719.0481330731727,2589.184752365382,10118.118649799533,17523.082547032067,-76.95967723445563,178.03205662738904,25.686807557089555,-0.4908120931040916,-9.813216698654022,2.507632590112089,-10.580934212645746,8.410819406994966,-0.018136996161950004,3.412213601264141,-0.10488595299813179,3.476988555984994,-2.6510371338812937,2.9686668220318326,4.659037443,4.269533986,4.464285714
-224695.90033519326,12602.15499422288,33152.34357549742,-9109.307895661876,5791.288493951768,4210.665215127716,16215.878400344676,-238.85161410837938,467.4668926504148,125.22359642226871,-9.30336048533398,-25.58612173938094,62.295550687747166,131.18148884889945,2.0958845301630062,83.86518738739677,21.625825421731157,-26.29676078796275,-24.74773876044925,65.84489021383055,-23.37884858484471,1.659640274,1.271394209,1.465517241
-109808.71505541122,44567.060068264465,-10893.211824471779,-29969.39000357046,8989.838358062432,2091.022071573255,-6185.938134343967,-542.1687725994308,536.9082293675677,76.92982677570528,-19.20358089131388,12.874358156449805,-48.38353312042899,-0.20162843669400912,1.2189789776283477,13.173751777515127,0.46319877169974216,-35.681097343579424,-32.882533038929175,-14.880448694026324,24.70137580407539,1.642556938,1.324109728,1.483333333
593669.3936262785,38771.484232298695,-18411.513963217698,51530.72433377817,-15567.617637467552,11453.930146871933,18307.42834463824,-13.285176302033623,67.04207557751354,15.922491054371937,-9.820094807917345,34.65133320510987,-0.21289112421618867,12.955532791297298,13.76689077334909,-4.368875091259778,-8.423273758517771,-6.210568617327738,-17.07117654492294,3.553838362853426,40.0617050700257,2.156586714,1.73996501,1.948275862
-92459.22606301135,-34947.04835289046,17766.17558644035,-7561.171859071197,139.37994520578104,40030.934321256784,-7124.025155729248,517.2724884839209,-198.06665200599585,-64.50504945057112,6.026780329027456,-13.440171534275395,-16.687511883266325,10.043765836143558,-17.17970186089672,-0.6391417970228269,-1.858533756754449,2.469149584234842,1.9617906934067812,1.656361641502328,7.902675978033916,2.728516741,2.054091954,2.391304348
-96471.00174229148,20285.016700988635,-25410.00676565095,-7633.307763182609,24941.318047788445,-12721.70909130585,-8548.169920031161,301.50125286051747,-210.28209546383115,42.33793569129954,2.370388619866313,5.430859324516272,-0.3644768913576725,0.8000096562543773,-3.6880722380900326,7.72880216826153,1.4801285442314904,-15.028037980390694,0.9938986226712695,9.48274014004763,23.996271271973075,3.824198457,3.329647696,3.576923077
-184052.13990181405,19156.951573616672,-9777.272752285086,-2871.8654300380945,16308.653475034958,-8076.3257632797,4610.203023849363,505.38231839457376,-143.59977278618808,-10.097378750898914,8.248002941019946,14.303308522242398,-0.9701810751270445,6.5997793540976915,-4.583222232831215,6.370960327624867,-3.7233550018849653,-20.560114599312996,2.953925638798005,15.013101430362855,38.54954205657802,3.28166657,2.785000097,3.033333333
444428.55588343396,-12702.360080300203,-30147.79783465507,-6991.559326822005,1915.4145911831397,5885.682971939553,1854.8103191984515,635.5127644057669,157.40288053364938,57.12168800753524,19.386771923660582,-1.642401167869724,4.3035721150287305,0.16659554483665256,12.30020962190262,3.2418684761292544,0.6979925190173558,2.06351624873302,-1.0500339751197503,6.651453106931784,-3.005943363737079,4.119839898,3.472752695,3.796296296
-190114.21770998198,696.2940500280531,1851.0884203254088,1792.7224307363088,1108.0768412818643,-915.934444593195,11786.191331967406,-377.46734503514017,-207.98275539885108,-0.7218834208195756,-17.840478686872366,12.258911493845561,-2.0368533799809456,-7.782305955235572,8.229217772353213,-2.513190309031772,3.389370984980622,0.4555587423362408,1.3142697225721574,-4.605491172128563,-0.23545533015068812,3.444807906,3.003467956,3.224137931
127653.8428387956,-74467.57207966625,9674.147833917374,3300.630437586909,-1731.6418719080505,2243.5334195603073,-14619.475286374422,243.35125047669908,110.45001814959164,104.5966640000637,-9.541839671102252,25.235498980597992,-19.513939730073243,12.139053322399848,1.3216586250587252,-9.869137326434638,-5.797627742329375,10.668208581107416,0.05022963463570971,2.3945008340142984,-3.609809102086853,4.095679394,3.504320606,3.8
-125529.47621402456,-14861.666654884828,-558.1294203753588,1292.3678462975513,558.8546736021376,-1124.6558805523355,3447.6332212314574,-505.8328961678328,-135.49574945228912,2.00927324630856,-3.784963389102639,19.00810739401911,-7.190987325531329,0.266540567195299,3.776416418910442,-7.092042926908834,-0.9915411298085881,1.3638966134691564,0.5810138773946534,-1.0616885613826275,1.0972275423489843,3.772468808,3.193048433,3.482758621
-4587.5884326275855,47064.65999952641,-11133.250748088434,-2744.842320342052,-37080.50173401985,19604.606893620392,-14047.280940941997,419.82023406511826,535.5186392417999,-43.30457819446608,-13.781650794770082,-18.94661331933191,-43.86425249933405,-12.738760802061732,5.522393112564549,22.936550862167973,-7.3775218153722495,29.941878849444855,22.869026431843693,-7.159431906228987,-1.6607997038848343,1.384178612,1.098580009,1.24137931
-208652.22729858197,-10399.324023760108,18628.07884687425,5632.927004532627,814.0482311187097,524.5472941781184,16608.40215286766,-304.91279049774073,-217.8438820987981,-10.838015380876216,27.628498875990868,6.7890367617352725,-5.862166930313288,-7.6977487513631475,5.011583518291239,-9.37438083458255,-0.12442403303614523,-1.0169109757042847,0.7169605288351198,1.0263822955559008,1.7736743505300536,3.228121605,2.771878395,3.0
-26583.557794877408,-36651.06543421823,-3830.566155433904,438.7254040794561,-338.62511018583996,-759.8184225003879,-7893.891358899563,324.4246300327009,-25.108016308502883,-41.94673974056626,-11.026587623434997,6.25778872548495,-0.515402831578076,12.51262601061727,-3.0888615271172246,1.5278918520454972,-2.686640844354712,2.0078356091738345,1.1477760219795587,4.207317959093594,1.7746609039938186,4.329362543,3.770637457,4.05
234048.4047354381,-62878.92683894077,13983.423873551303,3807.0111722439688,-604.8325400255832,5495.357314085505,-1986.8032729219087,-506.8149262052276,128.04540715323807,75.83231659772159,8.696984146328226,8.356910579199997,-17.279994253458863,2.559429808104474,0.2884963548930678,-14.010271881697053,-2.0648530103610163,5.288403746121201,2.188461055645573,1.5017472186972272,1.3464459388489376,4.392735837,3.814160715,4.103448276
